ANIO,MES,CONGLOMERADO,MUESTRA,SELVIV,HOGAR,ESTRATO,LLAVE_PANEL,CODciudad,NOMCIUDAD,AREA,C201,C203,C204,C205,C206,C207,C208,C300n,NROINF,C301_DIA,C301_MES,C301_ANIO,C303,C304,C305,C306_1,C306_2,C306_3,C306_4,C306_5,C306_6,C306_7,C306_8,C306_9,C306_10,C306_10A,C306_11,C306A,C308_COD,C309_COD,C310,C311,C312,C313,C317,C317A,C318_1,C318_2,C318_3,C318_4,C318_5,C318_6,C318_7,C318_T,C328_T,whoraT,C330,C331,C333,C334,P209H,C335,C338,C339_1,C341_T,C342,C344,C345_1,C347_T,C348,C350,C352,C353,C354,C355,C356,C357_I,C358,C359,SEGURO1,C361_1,C362_1,C361_2,C362_2,C361_3,C362_3,C361_4,C362_4,C361_5,C362_5,C361_6,C362_6,C361_7,C362_7,C361_8,C362_8,C364_1,C365_1,C364_2,C365_2,C364_3,C365_3,C364_4,C365_4,C366,C366_1,C366_2,C375_1,C375_2,C375_3,C375_4,C375_5,C375_6,C376,C377,OCUP300,D341_T,D344,D347_T,D350,D351_T,I339_1,I342,I345_1,I348,INGTOT,INGTOTP,ingtrabw,RESIDENT,FAC_T300
2024,07,00012,1,0013,1,5,202307000121001311, , ,1,1,1,1,2, ,1,42,1,1,27,3,1982,1, , , , , , , , , , , , , , , ,5414,8010,3,4,1, ,2,21,12,12,12,12,12,12,0,72, ,72,1, ,2, ,2,2,4,2000, , , , , , , , , , , , , , ,1,1,1,1,2, ,2, ,2, ,2, ,2, ,2, ,2, ,1,1,2, ,2, ,2, ,6,5, ,2,2,2,2,2,2,10,7,1, , , , ,334,2000, , , ,2000,2000,2334,1,362.252991420129
2024,07,00012,1,0013,1,5,202307000121001312, , ,1,2,2,1,2, ,2,42,2,2,15,11,1981,1, , , , , , , , , , , , , , , ,2342,8510,3,2, , ,5,9998,0,6,6,6,6,6,0,30, ,30,1, ,2, ,2,2,4,3100, , , , , , , , , , , , , , ,1,1,1,1,2, ,2, ,2, ,2, ,2, ,2, ,2, ,2, ,1,1,2, ,2, ,11,5, ,2,2,2,2,2,2,10,7,1, , , , ,83,3100, , , ,3100,3100,3183,1,138.772261049359
2024,07,00012,1,0013,1,5,202307000121001313, , ,1,3,3,1,2, ,2,22,3,3,27,8,2001,1, , , , , , , , , , , , , , , ,2359,8510,3,2, , ,5,9998,0,4,4,4,4,4,0,20, ,20,1, ,2, ,2,2,4,500, , , , , , , , , , , , , , ,1,5,2, ,2, ,2, ,2, ,1,5,2, ,2, ,2, ,2, ,2, ,2, ,2, ,8,1, ,2,2,2,2,2,2,10,5,1, , , , , ,500, , , ,500,500,500,1,186.124252937621
2024,07,00012,1,0013,1,5,202307000121001314, , ,1,4,3,1,2, ,2,11, , , , , , , , , , , , , , , , , , , , , , , , , , , , , , , , , , , , , , , , , , , , , , , , , , , , , , , , , , , , , , , , , , , , , , , , , , , , , , , , , , , , , , , , , , , , , , , , , , , , , , , , , , , , , , , ,1, 
2024,07,00012,1,0014,1,5,202307000121001411, , ,1,1,1,1,2, ,1,46,1,99, , , , , , , , , , , , , , , , , , , , , , , , , , , , , , , , , , , , , , , , , , , , , , , , , , , , , , , , , , , , , , , , , , , , , , , , , , , , , , , , , , , , , , , , , , , , , , , , , , , , , , , , , , , , , ,1, 
2024,07,00012,1,0014,1,5,202307000121001412, , ,1,2,2,1,2, ,2,39,2,2,18,8,1984,2,2,2,2,2,2,2,2,2,2,2,2,2,2,2,2, , , , , , , , , , , , , , , , , , , , , , , , , , , , , , , , , ,2,5,1,2,6, , ,1,5,2, ,2, ,2, ,2, ,1,5,2, ,2, ,2, ,2, ,2, ,2, ,2, ,10,3, ,2,2,2,2,2,2,10,7,4, , , , , , , , , , , , ,1,138.772261049359
2024,07,00012,1,0014,1,5,202307000121001413, , ,1,3,3,1,2, ,2,20,3,3,8,5,2004,2,2,2,2,2,2,2,2,2,2,2,2,2,2,2,2, , , , , , , , , , , , , , , , , , , , , , , , , , , , , , , , , ,2,4,2,2,5, , ,1,5,2, ,2, ,2, ,2, ,1,5,2, ,2, ,2, ,2, ,2, ,2, ,2, ,6,5, ,2,2,2,2,2,2,10,7,4, , , , , , , , , , , , ,1,173.875235201241
2024,07,00012,1,0014,1,5,202307000121001414, , ,1,4,3,1,2, ,1,9, , , , , , , , , , , , , , , , , , , , , , , , , , , , , , , , , , , , , , , , , , , , , , , , , , , , , , , , , , , , , , , , , , , , , , , , , , , , , , , , , , , , , , , , , , , , , , , , , , , , , , , , , , , , , , , ,1, 
2024,07,00012,1,0015,1,5,202307000121001511, , ,1,1,1,1,2, ,2,98,1,2,14,7,1926,2,2,2,2,2,2,2,2,2,2,2,2,2,2,2,2, , , , , , , , , , , , , , , , , , , , , , , , , , , , , , , , , ,2,7,2,2,7, , ,1,5,2, ,2, ,2, ,2, ,1,5,2, ,2, ,2, ,2, ,2, ,2, ,2, ,1, , ,1,1,2,2,2,2,10,6,4, , , , , , , , , , , , ,1,218.786256539363
2024,07,00012,1,0015,1,5,202307000121001512, , ,1,2,3,1,2, ,2,76,2,2,5,5,1948,2,2,2,2,2,2,2,2,2,2,2,2,2,2,2,2, , , , , , , , , , , , , , , , , , , , , , , , , , , , , , , , , ,2,8,2,2,7, , ,1,5,2, ,2, ,2, ,2, ,1,5,2, ,2, ,2, ,2, ,2, ,2, ,2, ,4,5, ,2,2,2,2,2,2,10,5,4, , , , , , , , , , , , ,1,218.786256539363
2024,07,00012,1,0016,1,5,202307000121001611, , ,1,1,1,1,2, ,1,66,1,1,30,3,1958,1, , , , , , , , , , , , , , , ,8332,4923,2, ,3,2,1,1,0,2,3,3,2,3,2,15, ,48,2,48,1,1,1,2, , , , , , , , , , , , , , , , ,1,5,2, ,2, ,2, ,2, ,1,5,2, ,2, ,2, ,2, ,2, ,2, ,2, ,6,5, ,2,2,2,2,2,2,10,5,1, , , , , , ,1039, , ,1039,1039,1039,1,332.710166988951
2024,07,00012,1,0016,1,5,202307000121001612, , ,1,2,2,1,2, ,2,61,2,2,19,12,1962,2,2,2,2,2,2,2,2,2,2,2,2,2,2,2,2, , , , , , , , , , , , , , , , , , , , , , , , , , , , , , , , , ,2,5,2,2,3, , ,1,5,2, ,2, ,2, ,2, ,1,5,2, ,2, ,2, ,2, ,2, ,2, ,2, ,4,5, ,2,2,2,2,2,2,10,7,4, , , , , , , , , , , , ,1,218.786256539363
2024,07,0001402,1,0065,1,5,20230700014021006511, , ,1,1,1,1,2, ,1,69,1,1,14,1,1955,1, , , , , , , , , , , , , , , ,5212,4721,2, ,3,2,1,1,0,9,9,6,7,7,8,46, ,46,1, ,2, ,2,2, , , , , , , , , , , , , , , , ,1,5,2, ,2, ,2, ,2, ,1,5,2, ,2, ,2, ,2, ,2, ,2, ,2, ,5,3, ,2,2,2,2,2,2,10,7,1, ,260, , , , ,253, , ,513,513,513,1,302.612123530412
2024,07,0001402,1,0065,1,5,20230700014021006512, , ,1,2,11,1,2, ,1,60,2,2,16,11,1963,1, , , , , , , , , , , , , , , ,9523,4781,2, ,3,2,1,1,0,0,6,6,6,9,8,35, ,35,1, ,2, ,2,2, , , , , , , , , , , , , , , , ,1,5,2, ,2, ,2, ,2, ,1,5,2, ,2, ,2, ,2, ,2, ,2, ,2, ,5,3, ,2,2,2,2,2,2,10,5,1, , , , , , ,433, , ,433,433,433,1,302.612123530412
2024,07,0001402,1,0066,1,5,20230700014021006611, , ,1,1,1,1,2, ,2,62,1,1,18,11,1961,1, , , , , , , , , , , , , , , ,9523,4781,2, ,3,2,1,1,5,5,6,6,6,6,9,43, ,43,1, ,2, ,2,2, , , , , , , , , , , , , , , , ,1,5,2, ,2, ,2, ,2, ,1,5,2, ,2, ,2, ,2, ,2, ,2, ,2, ,4,5, ,2,2,2,2,2,2,10,5,1, ,130, , , , ,855, , ,985,985,985,1,198.994140425065
2024,07,0001402,1,0066,1,5,20240700014021006612, , ,1,2,3,1,2, ,2,31,2,2,30,10,1992,2,2,2,2,2,2,2,2,2,2,2,2,2,2,2,2, , , , , , , , , , , , , , , , , , , , , , , , , , , , , , , , , ,2,5,1,1,6, , ,1,5,2, ,2, ,2, ,2, ,1,5,2, ,2, ,2, ,2, ,2, ,2, ,2, ,9,3, ,2,2,2,2,2,2,10,7,4, , , , , , , , , , , , ,1,126.218471119513
2024,07,0001402,1,0066,1,5,20240700014021006613, , ,1,3,5,1,2, ,2,9, , , , , , , , , , , , , , , , , , , , , , , , , , , , , , , , , , , , , , , , , , , , , , , , , , , , , , , , , , , , , , , , , , , , , , , , , , , , , , , , , , , , , , , , , , , , , , , , , , , , , , , , , , , , , , , ,1, 
2024,07,0001402,1,0066,1,5,20240700014021006614, , ,1,4,5,1,2, ,2,2, , , , , , , , , , , , , , , , , , , , , , , , , , , , , , , , , , , , , , , , , , , , , , , , , , , , , , , , , , , , , , , , , , , , , , , , , , , , , , , , , , , , , , , , , , , , , , , , , , , , , , , , , , , , , , , ,1, 
2024,07,0001402,1,0067,1,5,20230700014021006711, , ,1,1,1,1,2, ,1,59,1,1,27,4,1965,2,2,2,2,2,2,2,2,2,2,2,2,2,2,2,2, , , , , , , , , , , , , , , , , , , , , , , , , , , , , , , , , ,1,3,1,1,13,3,4,1,5,2, ,2, ,2, ,2, ,1,5,2, ,2, ,2, ,2, ,2, ,2, ,2, ,5,2, ,1,2,2,2,2,2,10,5,2, , , , , , , , , , , , ,1,302.612123530412
2024,07,0001402,1,0067,1,5,20230700014021006712, , ,1,2,98, , , , , , , , , , , , , , , , , , , , , , , , , , , , , , , , , , , , , , , , , , , , , , , , , , , , , , , , , , , , , , , , , , , , , , , , , , , , , , , , , , , , , , , , , , , , , , , , , , , , , , , , , , , , , , , , , , , , ,9, 
2024,07,0001402,1,0068,1,5,20230700014021006811, , ,1,1,1,1,2, ,1,57,1,1,20,5,1967,1, , , , , , , , , , , , , , , ,6222,311,2, ,3,2,1,1,5,6,6,5,5,5,5,37, ,37,1, ,2, ,2,2, , , , , , , , , , , , , , , , ,1,5,2, ,2, ,2, ,2, ,1,5,2, ,2, ,2, ,2, ,2, ,2, ,2, ,4,5, ,2,2,2,2,2,2,10,7,1, ,866, , , , ,736, , ,1602,1602,1602,1,366.502509772453
2024,07,0001402,1,0068,1,5,20230700014021006812, , ,1,2,2,1,2, ,2,52,2,2,19,6,1972,1, , , , , , , , , , , , , , , ,9112,5510,3,5,1, ,1,10,0,8,8,8,8,8,8,48, ,48,1, ,2, ,2,2,2,228, , , , , , , , , , , , , , ,1,4,2, ,2, ,2, ,1,4,2, ,2, ,2, ,2, ,2, ,2, ,2, ,2, ,3, ,4,2,2,2,2,2,2,10,7,1, , , , , ,987, , , ,987,987,987,1,198.994140425065
2024,07,0001402,1,0068,1,5,20230700014021006813, , ,1,3,11,1,2, ,2,64,3,3,24,11,1959,2,2,2,2,2,2,2,2,2,2,2,2,2,2,2,2, , , , , , , , , , , , , , , , , , , , , , , , , , , , , , , , , ,2,5,2,1,6, , ,1,5,2, ,2, ,2, ,2, ,1,5,2, ,2, ,2, ,2, ,2, ,2, ,2, ,3,2, ,2,2,2,2,2,2,10,7,4, , , , , , , , , , , , ,1,198.994140425065
2024,07,0001402,1,0068,1,5,20230700014021006814, , ,1,4,11,1,2, ,1,62,4,4,1,7,1962,2,2,2,2,2,2,2,2,2,2,2,2,2,2,2,2, , , , , , , , , , , , , , , , , , , , , , , , , , , , , , , , , ,2,7,1,2,7, , ,1,5,2, ,2, ,2, ,2, ,1,5,2, ,2, ,2, ,2, ,2, ,2, ,2, ,5,2, ,2,2,2,2,2,2,10,5,4, , , , , , , , , , , , ,1,302.612123530412
2024,07,0001402,1,0068,1,5,20231000014021006821, , ,1,5,98, , , , , , , , , , , , , , , , , , , , , , , , , , , , , , , , , , , , , , , , , , , , , , , , , , , , , , , , , , , , , , , , , , , , , , , , , , , , , , , , , , , , , , , , , , , , , , , , , , , , , , , , , , , , , , , , , , , , ,9, 
2024,07,0001402,1,0068,1,5,20231000014021006822, , ,1,6,98, , , , , , , , , , , , , , , , , , , , , , , , , , , , , , , , , , , , , , , , , , , , , , , , , , , , , , , , , , , , , , , , , , , , , , , , , , , , , , , , , , , , , , , , , , , , , , , , , , , , , , , , , , , , , , , , , , , , ,9, 
2024,07,0001402,1,0068,1,5,20231000014021006823, , ,1,7,98, , , , , , , , , , , , , , , , , , , , , , , , , , , , , , , , , , , , , , , , , , , , , , , , , , , , , , , , , , , , , , , , , , , , , , , , , , , , , , , , , , , , , , , , , , , , , , , , , , , , , , , , , , , , , , , , , , , , ,9, 
2024,07,0001402,1,0068,1,5,20231000014021006824, , ,1,8,98, , , , , , , , , , , , , , , , , , , , , , , , , , , , , , , , , , , , , , , , , , , , , , , , , , , , , , , , , , , , , , , , , , , , , , , , , , , , , , , , , , , , , , , , , , , , , , , , , , , , , , , , , , , , , , , , , , , , ,9, 
2024,07,00015,1,0012,1,5,202404000151001211, , ,1,1,1,1,2, ,1,81,1,1,9,9,1942,2,2,2,2,2,2,2,2,2,2,2,2,2,2,2,2, , , , , , , , , , , , , , , , , , , , , , , , , , , , , , , , , ,2,8,2,2,3, , ,1,1,1,5,2, ,2, ,2, ,2, ,2, ,2, ,2, ,1,5,2, ,2, ,2, ,6,5, ,2,2,2,2,2,2,10,7,4, , , , , , , , , , , , ,1,223.987046837219
2024,07,00015,1,0012,1,5,202404000151001212, , ,1,2,2,1,2, ,2,72,2,2,26,9,1951,1, , , , , , , , , , , , , , , ,5212,4759,2, ,3,2,1,1,0,6,6,6,6,6,0,30, ,30,1, ,1,1,1,2, , , , , , , , , , , , , , , , ,1,1,1,4,2, ,2, ,2, ,2, ,2, ,2, ,2, ,2, ,2, ,2, ,2, ,6,5, ,2,2,2,2,2,2,10,6,1, , , , , , ,30, , ,30,30,30,1,151.215918765218
2024,07,00015,1,0012,1,5,202404000151001213, , ,1,3,3,1,2, ,1,54,3,3,27,10,1969,1, , , , , , , , , , , , , , , ,4132,8610,3,2, , ,5,9998,0,8,8,8,8,8,0,40,40,80,1, ,1,1,1,2,4,1300, , , , , , , , , , , , , , ,1,5,2, ,2, ,2, ,2, ,1,5,2, ,2, ,2, ,1,5,2, ,2, ,2, ,11,5, ,2,2,2,2,2,2,10,1,1, , , , , ,1300, , , ,1300,1300,1300,1,137.096966975256
2024,07,00015,1,0012,1,5,202404000151001214, , ,1,4,98, , , , , , , , , , , , , , , , , , , , , , , , , , , , , , , , , , , , , , , , , , , , , , , , , , , , , , , , , , , , , , , , , , , , , , , , , , , , , , , , , , , , , , , , , , , , , , , , , , , , , , , , , , , , , , , , , , , , ,9, 
2024,07,00015,1,0089,1,5,202404000151008911, , ,1,1,1,1,2, ,2,52,1,1,8,11,1971,1, , , , , , , , , , , , , , , ,2330,8521,3,2, , ,5,9998,0,8,8,8,8,8,0,40, ,40,1, ,2, ,2,2,4,2500, , , , , , , , , , , , , , ,1,1,1,1,2, ,2, ,2, ,2, ,2, ,2, ,2, ,1,1,2, ,2, ,2, ,11,5, ,2,2,2,2,2,2,10,8,1, , , , ,83,2500, , , ,2500,2500,2583,1,185.217197793083
2024,07,00015,1,0089,1,5,202404000151008913, , ,1,2,3,1,2, ,2,24,2,2,26,11,1999,1, , , , , , , , , , , , , , , ,5131,5630,3,5,3,2,1,3,0,11,11,11,11,11,0,55, ,55,1, ,2, ,2,1,1,60,20, , , , , , , , , , , , , ,1,5,2, ,2, ,2, ,2, ,1,5,2, ,2, ,2, ,2, ,2, ,2, ,2, ,11,5, ,2,2,2,2,2,2,10,5,1,600, , , , ,1800, , , ,2400,2400,2400,1,125.302518217503
2024,07,00015,1,0089,1,5,202404000151008914, , ,1,3,3,1,2, ,1,16,3,3,31,10,2007,2,2,2,2,2,2,2,2,2,2,2,2,2,2,2,2, , , , , , , , , , , , , , , , , , , , , , , , , , , , , , , , , ,2,4,2,2,5, , ,2,1,1,4,2, ,2, ,2, ,2, ,2, ,2, ,2, ,2, ,2, ,2, ,2, ,5,4, ,2,2,2,2,2,2,10,7,4, , , , , , , , , , , , ,1,141.113478836738
2024,07,00015,1,0089,1,5,202404000151008915, , ,1,4,3,1,2, ,2,12, , , , , , , , , , , , , , , , , , , , , , , , , , , , , , , , , , , , , , , , , , , , , , , , , , , , , , , , , , , , , , , , , , , , , , , , , , , , , , , , , , , , , , , , , , , , , , , , , , , , , , , , , , , , , , , ,1, 
2024,07,00015,1,0089,1,5,202404000151008912, , ,1,5,98, , , , , , , , , , , , , , , , , , , , , , , , , , , , , , , , , , , , , , , , , , , , , , , , , , , , , , , , , , , , , , , , , , , , , , , , , , , , , , , , , , , , , , , , , , , , , , , , , , , , , , , , , , , , , , , , , , , , ,9, 
2024,07,00015,1,0098,1,5,202404000151009811, , ,1,1,1,1,2, ,2,64,1,1,9,8,1959,1, , , , , , , , , , , , , , , ,9111,9700,6, , , ,1,2,10,10,10,10,10,10,10,70, ,70,1, ,2, ,2,2,4,1000,40, , , , , , , , , , , , , ,1,5,2, ,2, ,2, ,2, ,1,5,2, ,2, ,2, ,2, ,2, ,2, ,2, ,9,3, ,2,2,2,2,2,1,10,7,1,173, , , , ,1000, , , ,1173,1173,1173,1,185.217197793083
2024,07,00015,1,0098,1,5,202404000151009812, , ,1,2,98, , , , , , , , , , , , , , , , , , , , , , , , , , , , , , , , , , , , , , , , , , , , , , , , , , , , , , , , , , , , , , , , , , , , , , , , , , , , , , , , , , , , , , , , , , , , , , , , , , , , , , , , , , , , , , , , , , , , ,9, 
2024,07,00015,1,0098,1,5,202404000151009813, , ,1,3,98, , , , , , , , , , , , , , , , , , , , , , , , , , , , , , , , , , , , , , , , , , , , , , , , , , , , , , , , , , , , , , , , , , , , , , , , , , , , , , , , , , , , , , , , , , , , , , , , , , , , , , , , , , , , , , , , , , , , ,9, 
2024,07,0001701,2,0103,1,5,20240700017012010311, , ,1,1,1,1,2, ,1,67,1,1,22,2,1957,2,2,2,2,2,2,2,2,2,2,2,2,1,2,2, ,5131,5610,4, ,3,2,1,4,0,8,8,8,8,8,0,40, ,40,1, ,2, ,2, , , , , , , , , , , , , , , , , ,1,5,2, ,2, ,2, ,2, ,1,5,2, ,2, ,2, ,2, ,2, ,2, ,2, ,4,5, ,2,2,2,2,2,2,10,5,1, , , , , , , , , ,0,0,0,1,441.312434802415
2024,07,0001701,2,0103,1,5,20240700017012010312, , ,1,2,2,1,2, ,2,65,2,2,8,3,1959,1, , , , , , , , , , , , , , , ,5120,5610,2, ,3,2,1,4,0,7,8,7,7,8,0,37,35,72,1, ,2, ,2,2, , , , , , , ,120,60, , , , , , , ,1,5,2, ,2, ,2, ,2, ,1,5,2, ,2, ,2, ,2, ,2, ,2, ,2, ,3,4, ,2,2,2,2,2,2,10,7,1, ,360, ,60, , ,1170, ,120,1710,1530,1710,1,239.61251636973
2024,07,0001701,2,0103,1,5,20240700017012010313, , ,1,3,3,1,2, ,2,46,3,2,5,10,1977,2,2,2,2,2,2,2,2,2,2,2,2,2,2,2,2, , , , , , , , , , , , , , , , , , , , , , , , , , , , , , , , , ,2,7,2,2,7, , ,2,5,2, ,2, ,2, ,2, ,1,5,2, ,2, ,2, ,2, ,2, ,2, ,2, ,7,5, ,2,2,1,2,1,1,10,7,4, , , , , , , , , , , , ,1,239.61251636973
2024,07,0001701,2,0103,1,5,20240700017012010314, , ,1,4,3,1,2, ,2,45,4,4,10,6,1979,2,2,2,2,2,2,2,2,2,2,2,2,1,2,2, ,5131,5610,4, ,3,2,1,4,5,6,6,5,6,5,6,39, ,39,1, ,2, ,2, , , , , , , , , , , , , , , , , ,1,5,2, ,2, ,2, ,2, ,1,5,2, ,2, ,2, ,2, ,2, ,2, ,2, ,9,3, ,2,2,2,2,2,2,10,7,1, , , , , , , , , ,0,0,0,1,301.310273974744
2024,07,0001701,2,0103,1,5,20240700017012010316, , ,1,5,3,1,2, ,1,40,5,5,3,7,1984,1, , , , , , , , , , , , , , , ,5212,4721,2, ,3,2,1,1,0,0,6,5,5,6,5,27, ,36,2,36,1,1,1,2, , , , , , , , , , , , , , , , ,1,5,2, ,2, ,2, ,2, ,1,5,2, ,2, ,2, ,2, ,2, ,2, ,2, ,6,5, ,2,2,2,2,2,2,10,5,1, ,65, , , , ,836, , ,901,901,901,1,396.735847166994
2024,07,0001701,2,0103,1,5,20240700017012010315, , ,1,6,3,1,2, ,1,40,6,6,13,11,1983,1, , , , , , , , , , , , , , , ,7342,1394,2, ,3,2,1,1,0,4,0,0,0,4,4,12,15,27,1, ,2, ,2,2, , , , , , , , , , , , , , , , ,1,5,2, ,2, ,2, ,2, ,1,5,2, ,2, ,2, ,2, ,2, ,2, ,2, ,8,2, ,2,2,2,2,2,2,10,7,1, , , , , , ,909, , ,909,909,909,1,335.567023808785
2024,07,0001701,2,0104,1,5,20240700017012010411, , ,1,1,1,1,2, ,1,60,1,1,1,10,1963,1, , , , , , , , , , , , , , , ,6222,311,3,5,3,2,1,3,8,9,9,8,9,0,0,43,39,82,1, ,2, ,2,2,2,200, , , , , , , , , , , , , , ,1,5,2, ,2, ,2, ,2, ,1,5,2, ,2, ,2, ,2, ,2, ,2, ,2, ,6,5, ,2,2,2,2,2,2,10,7,1, , , , , ,866, , , ,866,866,866,1,364.38084180883
2024,07,0001701,2,0104,1,5,20240700017012010412, , ,1,2,2,1,2, ,2,55,2,2,7,1,1969,2,2,2,2,2,2,2,2,2,2,2,2,2,2,2,2, , , , , , , , , , , , , , , , , , , , , , , , , , , , , , , , , ,2,7,2,2,7, , ,1,5,2, ,2, ,2, ,2, ,1,5,2, ,2, ,2, ,2, ,2, ,2, ,2, ,4,5, ,1,2,2,2,2,2,10,7,4, , , , , , , , , , , , ,1,239.61251636973
2024,07,0001701,2,0104,1,5,20240700017012010413, , ,1,3,3,1,2, ,1,24,3,3,7,3,2000,1, , , , , , , , , , , , , , , ,9112,5510,3,5,3,2,1,4,0,8,0,8,8,0,0,24, ,40,2,40,1,1,1,2,2,150, , , , , , , , , , , , , , ,2,5,2, ,2, ,2, ,2, ,1,5,2, ,2, ,2, ,2, ,2, ,2, ,2, ,8,1, ,2,2,2,2,2,2,10,5,1, , , , , ,650, , , ,650,650,650,1,184.108437512378
2024,07,0001701,2,0104,1,5,20240700017012010414, , ,1,4,3,1,2, ,1,15,4,4,24,4,2009,2,2,2,2,2,2,2,2,2,2,2,2,2,2,1, ,5223,4711,9, ,3,2,1,2,3,2,3,3,2,3,2,18, ,18,1, ,2, ,2, , , , , , , , , , , , , , , , , ,2,5,2, ,2, ,2, ,2, ,1,5,2, ,2, ,2, ,2, ,2, ,2, ,2, ,5,2, ,2,2,2,2,2,2,10,5,1, , , , , , , , , ,0,0,0,1,229.56259719104
2024,07,0001701,2,0105,1,5,20240700017012010511, , ,1,1,1,1,2, ,1,49,1,1,8,9,1974,1, , , , , , , , , , , , , , , ,6222,311,2, ,3,2,1,1,4,5,5,4,5,4,5,32, ,40,2,40,1,1,1,2, , , , , , , , , , , , , , , , ,1,5,2, ,2, ,2, ,2, ,1,5,2, ,2, ,2, ,2, ,2, ,2, ,2, ,4, ,6,2,2,2,2,2,2,10,7,1, ,130, , , , ,1249, , ,1379,1379,1379,1,441.312434802415
2024,07,0001701,2,0105,1,5,20240700017012010512, , ,1,2,2,1,2, ,2,45,2,2,12,10,1978,1, , , , , , , , , , , , , , , ,5213,4781,2, ,3,2,1,2,12,11,11,12,11,12,11,80, ,80,1, ,2, ,2,2, , , , , , , , , , , , , , , , ,2,5,2, ,2, ,2, ,2, ,1,5,2, ,2, ,2, ,2, ,2, ,2, ,2, ,4, ,6,2,2,2,2,2,2,10,7,1, ,65, , , , ,670, , ,735,735,735,1,239.61251636973
2024,07,0001701,2,0105,1,5,20240700017012010514, , ,1,3,3,1,2, ,2,15,3,3,14,1,2009,2,2,2,2,2,2,2,2,2,2,2,2,1,2,2, ,5213,4781,4, ,3,2,1,2,8,4,4,4,4,4,8,36, ,36,1, ,2, ,2, , , , , , , , , , , , , , , , , ,2,5,2, ,2, ,2, ,2, ,1,5,2, ,2, ,2, ,2, ,2, ,2, ,2, ,5,3, ,2,2,2,2,2,2,10,7,1, , , , , , , , , ,0,0,0,1,190.426415717079
2024,07,0001701,2,0105,1,5,20240700017012010513, , ,1,4,3,1,1, ,1,24, , , , , , , , , , , , , , , , , , , , , , , , , , , , , , , , , , , , , , , , , , , , , , , , , , , , , , , , , , , , , , , , , , , , , , , , , , , , , , , , , , , , , , , , , , , , , , , , , , , , , , , , , , , , , , , ,0, 
2024,07,0001701,2,0105,1,5,20240700017012010515, , ,1,5,4,1,1, ,2,20, , , , , , , , , , , , , , , , , , , , , , , , , , , , , , , , , , , , , , , , , , , , , , , , , , , , , , , , , , , , , , , , , , , , , , , , , , , , , , , , , , , , , , , , , , , , , , , , , , , , , , , , , , , , , , , ,0, 
2024,07,0001701,2,0105,1,5,20240700017012010516, , ,1,6,5,1,1, ,2,0, , , , , , , , , , , , , , , , , , , , , , , , , , , , , , , , , , , , , , , , , , , , , , , , , , , , , , , , , , , , , , , , , , , , , , , , , , , , , , , , , , , , , , , , , , , , , , , , , , , , , , , , , , , , , , , ,0, 
2024,07,0001701,2,0106,1,5,20240700017012010611, , ,1,1,1,1,2, ,1,68,1,1,30,6,1956,1, , , , , , , , , , , , , , , ,6222,311,1, ,3,2,1,2,0,0,5,6,5,6,6,28, ,30,2,30,1,1,1,2, , , , , , , , , , , , , , , , ,1,5,2, ,2, ,2, ,2, ,1,5,2, ,2, ,2, ,2, ,2, ,2, ,2, ,4,5, ,2,2,2,2,2,2,10,7,1, ,52, , , , ,1200, , ,1252,1252,1252,1,441.312434802415
2024,07,0001701,2,0106,2,5,20240700017012010621, , ,1,1,1,1,2, ,1,39,1,1,20,4,1985,1, , , , , , , , , , , , , , , ,8342,8413,3,2, , ,5,9998,0,8,8,8,8,8,6,46,15,61,1, ,2, ,2,2,4,1400, , , , , ,250, , , , , , , , ,1,1,1,1,2, ,2, ,2, ,2, ,2, ,2, ,2, ,1,1,2, ,2, ,2, ,9,3, ,2,2,2,2,2,2,10,5,1, , , , ,117,1400, , ,250,1650,1400,1767,1,335.567023808785
2024,07,0001701,2,0106,2,5,20240700017012010622, , ,1,2,2,1,2, ,2,20,2,2,12,9,2003,2,2,2,2,2,2,2,2,2,2,2,2,2,2,2,2, , , , , , , , , , , , , , , , , , , , , , , , , , , , , , , , , ,1,8,1,1,13,1,3,1,5,2, ,2, ,2, ,2, ,1,5,2, ,2, ,2, ,2, ,2, ,2, ,2, ,9,3, ,2,2,2,2,2,2,10,8,2, , , , , , , , , , , , ,1,203.84141723178
2024,07,00023,1,0009,1,8,202404000231000911, , ,2,1,1,1,2, ,1,52,1,1,5,6,1972,1, , , , , , , , , , , , , , , ,9211,113,3,5,3,2,1,6,0,5,5,9,9,9,6,43, ,60,2,60,2, ,2,2,2,460, , , , , , , , , , , , , , ,1,5,2, ,2, ,2, ,2, ,1,5,2, ,2, ,2, ,2, ,2, ,2, ,2, ,6,5, ,2,2,2,2,2,2,10,5,1, , , , , ,1992, , , ,1992,1992,1992,1,38.209205019345
2024,07,00023,1,0009,1,8,202404000231000912, , ,2,2,2,1,2, ,2,46,2,2,18,3,1978,2,2,2,2,2,2,2,2,2,2,2,2,2,2,2,2, , , , , , , , , , , , , , , , , , , , , , , , , , , , , , , , , ,2,5,1,1,1, , ,1,5,2, ,2, ,2, ,2, ,1,5,2, ,2, ,2, ,2, ,2, ,2, ,2, ,6,5, ,2,2,2,2,2,2,10,5,3, , , , , , , , , , , , ,1,39.76636357735
2024,07,00023,1,0009,1,8,202404000231000913, , ,2,3,3,1,2, ,1,21,3,3,2,6,2003,2,2,2,2,2,2,2,2,2,2,2,2,2,2,2,2, , , , , , , , , , , , , , , , , , , , , , , , , , , , , , , , , ,2,5,1,1,1, , ,1,5,2, ,2, ,2, ,2, ,1,5,2, ,2, ,2, ,2, ,2, ,2, ,2, ,6,5, ,2,2,2,2,2,2,10,5,3, , , , , , , , , , , , ,1,61.1861038264239
2024,07,00023,1,0009,1,8,202404000231000914, , ,2,4,3,1,2, ,1,15,4,4,11,2,2009,2,2,2,2,2,2,2,2,2,2,2,2,2,2,2,2, , , , , , , , , , , , , , , , , , , , , , , , , , , , , , , , , ,2,4,2,2,5, , ,2,5,2, ,2, ,2, ,2, ,1,5,2, ,2, ,2, ,2, ,2, ,2, ,2, ,5,3, ,2,2,2,2,2,2,10,5,4, , , , , , , , , , , , ,1,61.1861038264239
2024,07,00023,1,0012,1,8,202404000231001211, , ,2,1,1,1,2, ,1,42,1,1,29,12,1981,1, , , , , , , , , , , , , , , ,6111,113,2, ,3,2,1,1,0,6,6,6,0,6,0,24,27,51,1, ,2, ,2,2, , , , , ,180, , , , , , , , , , ,1,5,2, ,2, ,2, ,2, ,1,5,2, ,2, ,2, ,2, ,2, ,2, ,2, ,6,5, ,2,2,2,2,2,2,10,7,1, , , , , , ,922,180, ,1102,922,1102,1,121.659314247232
2024,07,00023,1,0012,1,8,202404000231001212, , ,2,2,2,1,2, ,2,32,2,2,10,1,1992,2,2,2,2,2,2,2,2,2,2,2,2,2,2,2,2, , , , , , , , , , , , , , , , , , , , , , , , , , , , , , , , , ,2,5,2,2,6, , ,1,5,2, ,2, ,2, ,2, ,1,5,2, ,2, ,2, ,2, ,2, ,2, ,2, ,6,5, ,2,2,2,2,2,2,10,7,4, , , , , , , , , , , , ,1,70.0257531592235
2024,07,00023,1,0012,1,8,202404000231001213, , ,2,3,3,1,2, ,1,14,3,3,14,4,2010,2,2,2,2,2,2,2,2,2,2,2,2,2,2,2,2, , , , , , , , , , , , , , , , , , , , , , , , , , , , , , , , , ,2,4,2,2,5, , ,2,5,2, ,2, ,2, ,2, ,1,5,2, ,2, ,2, ,2, ,2, ,2, ,2, ,5,1, ,2,2,2,2,2,2,10,7,4, , , , , , , , , , , , ,1,61.1861038264239
2024,07,00023,1,0012,1,8,202404000231001214, , ,2,4,3,1,2, ,2,5, , , , , , , , , , , , , , , , , , , , , , , , , , , , , , , , , , , , , , , , , , , , , , , , , , , , , , , , , , , , , , , , , , , , , , , , , , , , , , , , , , , , , , , , , , , , , , , , , , , , , , , , , , , , , , , ,1, 
2024,07,00023,1,0013,1,8,202404000231001311, , ,2,1,1,1,2, ,1,28,1,1,12,8,1995,1, , , , , , , , , , , , , , , ,9211,123,3,5,3,2,1,3,5,8,8,8,8,8,8,53, ,53,1, ,2, ,2,2,2,420, , , , , , , , , , , , , , ,1,5,2, ,2, ,2, ,2, ,1,5,2, ,2, ,2, ,2, ,2, ,2, ,2, ,6,5, ,2,2,2,2,2,2,10,5,1, , , , , ,1819, , , ,1819,1819,1819,1,121.659314247232
2024,07,00023,1,0013,1,8,202404000231001312, , ,2,2,2,1,2, ,2,22,2,2,7,11,2001,2,2,2,2,2,2,2,2,2,2,2,2,2,2,2,2, , , , , , , , , , , , , , , , , , , , , , , , , , , , , , , , , ,2,5,2,2,6, , ,1,5,2, ,2, ,2, ,2, ,1,5,2, ,2, ,2, ,2, ,2, ,2, ,2, ,6,5, ,2,2,2,2,2,2,10,5,4, , , , , , , , , , , , ,1,28.7014645125703
2024,07,00023,1,0013,1,8,202404000231001313, , ,2,3,3,1,2, ,2,2, , , , , , , , , , , , , , , , , , , , , , , , , , , , , , , , , , , , , , , , , , , , , , , , , , , , , , , , , , , , , , , , , , , , , , , , , , , , , , , , , , , , , , , , , , , , , , , , , , , , , , , , , , , , , , , ,1, 
2024,07,00023,1,0014,1,8,202404000231001411, , ,2,1,1,1,2, ,1,57,1,1,14,4,1967,1, , , , , , , , , , , , , , , ,6121,144,2, ,3,2,1,1,7,7,7,7,8,7,7,50, ,50,1, ,2, ,2,2, , , , , , , , , , , , , , , , ,1,5,2, ,2, ,2, ,2, ,1,5,2, ,2, ,2, ,2, ,2, ,2, ,2, ,4,5, ,2,2,2,2,2,2,10,5,1, ,15, , , , ,1110, , ,1125,1125,1125,1,85.9206957077359
2024,07,00023,1,0014,1,8,202404000231001412, , ,2,2,2,1,2, ,2,51,2,2,12,12,1972,1, , , , , , , , , , , , , , , ,5213,4781,2, ,3,2,1,1,8,9,9,9,8,6,9,58, ,58,1, ,2, ,2,2, , , , , , , , , , , , , , , , ,1,5,2, ,2, ,2, ,2, ,1,5,2, ,2, ,2, ,2, ,2, ,2, ,2, ,6,5, ,2,2,2,2,2,2,10,7,1, ,750, , , , ,632, , ,1382,1382,1382,1,39.76636357735
2024,07,00023,1,0014,1,8,202404000231001417, , ,2,3,3,1,2, ,2,24,3,3,15,3,2000,2,2,2,2,2,2,2,2,2,2,2,2,2,2,2,2, , , , , , , , , , , , , , , , , , , , , , , , , , , , , , , , , ,2,4,2,2,5, , ,2,5,2, ,2, ,2, ,2, ,1,5,2, ,2, ,2, ,2, ,2, ,2, ,2, ,10,4, ,2,2,2,2,2,2,10,7,4, , , , , , , , , , , , ,1,28.7014645125703
2024,07,00023,1,0014,1,8,202404000231001413, , ,2,4,3,1,2, ,1,18,4,4,2,12,2005,2,2,2,2,2,2,2,2,2,2,2,2,2,2,2,2, , , , , , , , , , , , , , , , , , , , , , , , , , , , , , , , , ,2,4,2,2,5, , ,1,5,2, ,2, ,2, ,2, ,1,5,2, ,2, ,2, ,2, ,2, ,2, ,2, ,6,5, ,2,2,2,2,2,2,10,5,4, , , , , , , , , , , , ,1,61.1861038264239
2024,07,00023,1,0014,1,8,202404000231001414, , ,2,5,3,1,2, ,2,29,5,5,7,2,1995,2,2,2,2,2,1,2,2,2,2,2,2,2,2,2, ,7513,1071,2, ,3,2,1,1,0,0,0,0,0,0,3,3, ,10,2,10,1,1,1,2, , , , , , , , , , , , , , , , ,1,5,2, ,2, ,2, ,2, ,1,5,2, ,2, ,2, ,2, ,2, ,2, ,2, ,9,3, ,2,2,2,2,2,2,10,5,1, ,43, , , , ,684, , ,727,727,727,1,59.0048819502491
2024,07,00023,1,0014,1,8,202404000231001415, , ,2,6,5,1,2, ,1,9, , , , , , , , , , , , , , , , , , , , , , , , , , , , , , , , , , , , , , , , , , , , , , , , , , , , , , , , , , , , , , , , , , , , , , , , , , , , , , , , , , , , , , , , , , , , , , , , , , , , , , , , , , , , , , , ,1, 
2024,07,00023,1,0014,1,8,202404000231001416, , ,2,7,5,1,2, ,2,6, , , , , , , , , , , , , , , , , , , , , , , , , , , , , , , , , , , , , , , , , , , , , , , , , , , , , , , , , , , , , , , , , , , , , , , , , , , , , , , , , , , , , , , , , , , , , , , , , , , , , , , , , , , , , , , ,1, 
2024,07,00023,1,0050,1,8,202404000231005011, , ,2,1,1,1,2, ,1,63,1,1,26,2,1961,1, , , , , , , , , , , , , , , ,6111,113,2, ,3,2,1,1,5,8,7,7,8,8,8,51, ,51,1, ,2, ,2,2, , , , , , , , , , , , , , , , ,1,5,2, ,2, ,2, ,2, ,1,5,2, ,2, ,2, ,1,5,2, ,2, ,2, ,6,5, ,2,2,2,2,2,2,10,5,1, , , , , , ,820, , ,820,820,820,1,38.209205019345
2024,07,00023,1,0050,1,8,202404000231005012, , ,2,2,2,1,2, ,2,52,2,2,22,11,1971,2,2,2,2,2,2,2,2,2,2,2,2,2,2,2,2, , , , , , , , , , , , , , , , , , , , , , , , , , , , , , , , , ,2,5,2,2,6, , ,1,5,2, ,2, ,2, ,2, ,1,5,2, ,2, ,2, ,2, ,2, ,2, ,2, ,6,5, ,2,2,2,2,2,2,10,7,4, , , , , , , , , , , , ,1,39.76636357735
2024,07,00023,1,0051,1,8,202404000231005111, , ,2,1,1,1,2, ,1,63,1,1,21,6,1961,1, , , , , , , , , , , , , , , ,2341,8521,3,2, , ,5,9998,0,6,6,6,6,6,0,30, ,30,1, ,2, ,2,2,4,3600, , , , , , , , , , , , , , ,1,1,1,1,2, ,2, ,2, ,2, ,2, ,2, ,2, ,1,1,2, ,2, ,2, ,11,5, ,2,2,2,2,2,2,10,8,1, , , , ,53,3600, , , ,3600,3600,3653,1,38.209205019345
2024,07,00023,1,0051,1,8,202404000231005112, , ,2,2,2,1,2, ,2,56,2,2,27,5,1968,1, , , , , , , , , , , , , , , ,9112,8521,3,2, , ,5,9998,0,8,8,8,8,8,0,40, ,40,1, ,2, ,2,2,4,2000, , , , , , , , , , , , , , ,1,1,1,1,2, ,2, ,2, ,2, ,2, ,2, ,2, ,1,1,2, ,2, ,2, ,10,3, ,2,2,2,2,2,2,10,6,1, , , , ,83,2000, , , ,2000,2000,2083,1,39.76636357735
2024,07,00023,1,0051,1,8,202404000231005113, , ,2,3,3,1,1, ,1,21, , , , , , , , , , , , , , , , , , , , , , , , , , , , , , , , , , , , , , , , , , , , , , , , , , , , , , , , , , , , , , , , , , , , , , , , , , , , , , , , , , , , , , , , , , , , , , , , , , , , , , , , , , , , , , , ,0, 
2024,07,00023,1,0052,1,8,202404000231005211, , ,2,1,1,1,2, ,1,57,1,1,10,8,1966,1, , , , , , , , , , , , , , , ,4417,8521,3,2, , ,5,9998,0,8,8,8,8,8,0,40,24,64,1, ,2, ,2,2,4,1025, , , , , , , , , , , , , , ,1,1,1,1,2, ,2, ,2, ,2, ,2, ,2, ,2, ,1,1,2, ,2, ,2, ,10,1, ,2,2,2,2,2,2,10,7,1, , , , ,83,1025, , ,627,1652,1025,1735,1,38.209205019345
2024,07,00023,1,0052,1,8,202404000231005213, , ,2,2,2,1,1, ,2,50, , , , , , , , , , , , , , , , , , , , , , , , , , , , , , , , , , , , , , , , , , , , , , , , , , , , , , , , , , , , , , , , , , , , , , , , , , , , , , , , , , , , , , , , , , , , , , , , , , , , , , , , , , , , , , , ,0, 
2024,07,00023,1,0052,1,8,202404000231005212, , ,2,3,3,1,2, ,2,22,3,3,23,12,2001,2,2,2,2,2,2,2,2,2,2,2,2,2,2,2,2, , , , , , , , , , , , , , , , , , , , , , , , , , , , , , , , , ,2,4,2,1,5, , ,1,5,2, ,2, ,2, ,2, ,1,5,2, ,2, ,2, ,1,5,2, ,2, ,2, ,11,5, ,2,2,2,2,2,2,10,7,4, , , , , , , , , , , , ,1,28.7014645125703
2024,07,00023,1,0054,1,8,202404000231005411, , ,2,1,1,1,2, ,1,85,1,1,11,7,1938,1, , , , , , , , , , , , , , , ,9211,113,3,5,3,2,1,2,4,3,4,4,4,4,4,27,2,29,1, ,2, ,2,2,2,350,48, , , , , , , , , , , , , ,1,5,2, ,2, ,2, ,2, ,1,5,2, ,2, ,2, ,2, ,2, ,2, ,2, ,3,2, ,2,2,2,2,2,2,10,7,1,208, , ,3, ,1516, , ,382,2109,1724,2109,1,85.9206957077359
2024,07,0003301,7,0057,1,3,20230400033017005711,48,Tumbes,1,1,1,1,2, ,1,31,1,1,6,6,1993,1, , , , , , , , , , , , , , , ,8321,4922,2, ,3,2,1,1,7,2,0,0,0,0,5,14, ,50,2,50,1,1,1,1, , , , , , , , , , , , , , , , ,1,5,2, ,2, ,2, ,2, ,1,5,2, ,2, ,2, ,2, ,2, ,2, ,2, ,6,5, ,2,2,2,2,2,2,10,8,1, , , , , , ,408, , ,408,408,408,1,18.6973674998611
2024,07,0003301,7,0057,1,3,20230400033017005712,48,Tumbes,1,2,2,1,2, ,2,28,2,2,22,7,1995,2,2,2,2,2,2,2,2,2,2,2,2,2,2,2,2, , , , , , , , , , , , , , , , , , , , , , , , , , , , , , , , , ,2,5,2,2,11, , ,1,5,2, ,2, ,2, ,2, ,1,5,2, ,2, ,2, ,2, ,2, ,2, ,2, ,5,3, ,2,2,2,2,2,2,10,8,4, , , , , , , , , , , , ,1,14.9495531377533
2024,07,0003301,7,0057,1,3,20230400033017005713,48,Tumbes,1,3,3,1,2, ,2,11, , , , , , , , , , , , , , , , , , , , , , , , , , , , , , , , , , , , , , , , , , , , , , , , , , , , , , , , , , , , , , , , , , , , , , , , , , , , , , , , , , , , , , , , , , , , , , , , , , , , , , , , , , , , , , , ,1, 
2024,07,0003301,7,0057,1,3,20230400033017005714,48,Tumbes,1,4,3,1,2, ,1,6, , , , , , , , , , , , , , , , , , , , , , , , , , , , , , , , , , , , , , , , , , , , , , , , , , , , , , , , , , , , , , , , , , , , , , , , , , , , , , , , , , , , , , , , , , , , , , , , , , , , , , , , , , , , , , , ,1, 
2024,07,0003301,7,0059,1,3,20230400033017005911,48,Tumbes,1,1,1,1,2, ,1,28,1,1,21,1,1996,1, , , , , , , , , , , , , , , ,9211,122,3,5,3,2,1,3,0,6,6,6,6,6,6,36,10,46,1, ,2, ,2,2,2,350, , , , , , , , , , , , , , ,1,5,2, ,2, ,2, ,2, ,1,5,2, ,2, ,2, ,1,5,2, ,2, ,2, ,9,3, ,2,2,2,2,2,2,10,7,1, , , , , ,1516, , ,500,2016,1516,2016,1,15.4346620500274
2024,07,0003301,7,0059,1,3,20240400033017005912,48,Tumbes,1,2,7,1,2, ,1,20,2,2,29,9,2003,1, , , , , , , , , , , , , , , ,9211,122,3,5,3,2,1,3,0,0,6,0,6,6,0,18, ,30,2,30,1,1,1,2,2,150, , , , , , , , , , , , , , ,1,5,2, ,2, ,2, ,2, ,1,5,2, ,2, ,2, ,1,5,2, ,2, ,2, ,6,5, ,2,2,2,2,2,2,10,8,1, , , , , ,650, , , ,650,650,650,1,15.9925389760264
2024,07,0003301,7,0059,1,3,20230700033017005913,48,Tumbes,1,3,7,1,2, ,2,26,3,3,5,1,1998,2,2,2,2,2,2,2,2,2,2,2,2,2,2,2,2, , , , , , , , , , , , , , , , , , , , , , , , , , , , , , , , , ,2,5,1,1,6, , ,1,5,2, ,2, ,2, ,2, ,1,5,2, ,2, ,2, ,2, ,2, ,2, ,2, ,6,5, ,2,2,2,2,2,2,10,7,4, , , , , , , , , , , , ,1,14.9495531377533
2024,07,0003301,7,0059,1,3,20230700033017005914,48,Tumbes,1,4,8,1,2, ,2,3, , , , , , , , , , , , , , , , , , , , , , , , , , , , , , , , , , , , , , , , , , , , , , , , , , , , , , , , , , , , , , , , , , , , , , , , , , , , , , , , , , , , , , , , , , , , , , , , , , , , , , , , , , , , , , , ,1, 
2024,07,0003301,7,0060,1,3,20230400033017006012,48,Tumbes,1,1,1,1,2, ,2,44,1,1,18,6,1980,2,2,2,2,2,2,2,2,2,2,2,2,2,2,2,2, , , , , , , , , , , , , , , , , , , , , , , , , , , , , , , , , ,2,5,1,1,1, , ,1,5,2, ,2, ,2, ,2, ,1,5,2, ,2, ,2, ,2, ,2, ,2, ,2, ,6,5, ,2,2,2,2,2,2,10,5,3, , , , , , , , , , , , ,1,14.9495531377533
2024,07,0003301,7,0060,1,3,20230400033017006011,48,Tumbes,1,2,2,1,2, ,1,46,2,2,25,4,1978,1, , , , , , , , , , , , , , , ,8321,4922,2, ,3,2,1,1,8,12,12,12,12,12,12,80,12,92,1, ,2, ,2,2, , , , , ,150, , , , , , , , , , ,1,5,2, ,2, ,2, ,2, ,1,5,2, ,2, ,2, ,2, ,2, ,2, ,2, ,6,5, ,2,2,2,2,2,2,10,7,1, , , , , , ,1760,150, ,1910,1760,1910,1,12.736702032428
2024,07,0003301,7,0060,1,3,20230400033017006013,48,Tumbes,1,3,3,1,2, ,1,10, , , , , , , , , , , , , , , , , , , , , , , , , , , , , , , , , , , , , , , , , , , , , , , , , , , , , , , , , , , , , , , , , , , , , , , , , , , , , , , , , , , , , , , , , , , , , , , , , , , , , , , , , , , , , , , ,1, 
2024,07,0003301,7,0060,1,3,20230400033017006014,48,Tumbes,1,4,3,1,2, ,2,2, , , , , , , , , , , , , , , , , , , , , , , , , , , , , , , , , , , , , , , , , , , , , , , , , , , , , , , , , , , , , , , , , , , , , , , , , , , , , , , , , , , , , , , , , , , , , , , , , , , , , , , , , , , , , , , ,1, 
2024,07,0003301,7,0061,1,3,20230400033017006112,48,Tumbes,1,1,1,1,2, ,2,37,1,1,5,5,1987,1, , , , , , , , , , , , , , , ,9111,9700,6, , , ,1,1,0,10,10,10,10,10,7,57, ,57,1, ,2, ,2,1,3,500,72, , , , , , , , , , , , , ,1,5,2, ,2, ,2, ,2, ,1,5,2, ,2, ,2, ,2, ,2, ,2, ,2, ,3, ,5,2,2,2,2,2,2,10,6,1,312, , , , ,1000, , , ,1312,1312,1312,1,16.1116565314303
2024,07,0003301,7,0061,1,3,20230400033017006113,48,Tumbes,1,2,3,1,2, ,1,20,2,2,28,7,2003,1, , , , , , , , , , , , , , , ,9211,122,3,5,3,2,1,2,0,0,5,5,0,0,0,10,30,40,1, ,2, ,2,2,2,120, , , , , , , , , , , , , , ,1,5,2, ,2, ,2, ,2, ,1,5,2, ,2, ,2, ,2, ,2, ,2, ,2, ,6,5, ,2,2,2,2,2,2,10,5,1, , , , , ,520, , ,3767,4287,520,4287,1,15.9925389760264
2024,07,0003301,7,0061,1,3,20230400033017006114,48,Tumbes,1,3,3,1,2, ,2,19,3,3,6,9,2004,2,2,2,2,2,2,2,2,2,2,2,2,2,2,2,2, , , , , , , , , , , , , , , , , , , , , , , , , , , , , , , , , ,1,3,1,1,13,5,5,1,5,2, ,2, ,2, ,2, ,1,5,2, ,2, ,2, ,2, ,2, ,2, ,2, ,6,5, ,2,2,2,2,2,2,10,6,2, , , , , , , , , , , , ,1,12.6434221355395
2024,07,0003301,7,0061,1,3,20230400033017006115,48,Tumbes,1,4,3,1,2, ,1,17,4,4,15,9,2006,2,2,2,2,2,2,2,2,2,2,2,2,1,2,2, ,9211,122,4, ,3,2,1,2,0,0,4,4,4,4,0,16, ,16,1, ,2, ,2, , , , , , , , , , , , , , , , , ,1,5,2, ,2, ,2, ,2, ,1,5,2, ,2, ,2, ,2, ,2, ,2, ,2, ,6,5, ,2,2,2,2,2,2,10,6,1, , , , , , , , , ,0,0,0,1,15.9925389760264
2024,07,0003301,7,0061,1,3,20230400033017006116,48,Tumbes,1,5,3,1,2, ,1,10, , , , , , , , , , , , , , , , , , , , , , , , , , , , , , , , , , , , , , , , , , , , , , , , , , , , , , , , , , , , , , , , , , , , , , , , , , , , , , , , , , , , , , , , , , , , , , , , , , , , , , , , , , , , , , , ,1, 
2024,07,0003301,7,0061,1,3,20230400033017006117,48,Tumbes,1,6,3,1,2, ,2,5, , , , , , , , , , , , , , , , , , , , , , , , , , , , , , , , , , , , , , , , , , , , , , , , , , , , , , , , , , , , , , , , , , , , , , , , , , , , , , , , , , , , , , , , , , , , , , , , , , , , , , , , , , , , , , , ,1, 
2024,07,00038,10,0019,1,3,2024070003810001911,48,Tumbes,1,1,1,1,2, ,1,73,1,1,13,6,1951,1, , , , , , , , , , , , , , , ,9211,122,3,5,3,2,1,2,0,8,9,8,8,9,8,50, ,50,1, ,2, ,2,2,2,360, , , , , , , , , , , , , , ,1,5,2, ,2, ,2, ,2, ,1,5,2, ,2, ,2, ,2, ,2, ,2, ,2, ,4,5, ,2,2,2,2,2,2,10,8,1, , , , , ,1559, , , ,1559,1559,1559,1,25.2878661990369
2024,07,00038,10,0019,1,3,2024070003810001912,48,Tumbes,1,2,7,1,2, ,2,71,2,2,11,7,1953,2,2,2,2,2,2,2,2,2,2,2,2,2,2,2,2, , , , , , , , , , , , , , , , , , , , , , , , , , , , , , , , , ,2,6,2,2,3, , ,1,1,1,4,2, ,2, ,2, ,2, ,2, ,2, ,2, ,2, ,2, ,2, ,2, ,5,3, ,2,2,2,2,2,2,10,5,4, , , , , , , , , , , , ,1,25.0090900177069
2024,07,00038,10,0019,1,3,2024070003810001913,48,Tumbes,1,3,7,1,2, ,1,64,3,1,24,11,1959,2,2,2,2,2,2,2,2,2,2,2,2,2,2,2,2, , , , , , , , , , , , , , , , , , , , , , , , , , , , , , , , , ,2,7,2,2,7, , ,2,5,2, ,2, ,2, ,2, ,1,5,2, ,2, ,2, ,2, ,2, ,2, ,2, ,1, , ,1,2,1,2,1,1,14,7,4, , , , , , , , , , , , ,1,25.2878661990369
2024,07,00038,10,0024,1,3,2024070003810002411,48,Tumbes,1,1,1,1,1, ,2,72, , , , , , , , , , , , , , , , , , , , , , , , , , , , , , , , , , , , , , , , , , , , , , , , , , , , , , , , , , , , , , , , , , , , , , , , , , , , , , , , , , , , , , , , , , , , , , , , , , , , , , , , , , , , , , , ,0, 
2024,07,00038,10,0024,1,3,2024070003810002413,48,Tumbes,1,2,3,1,2, ,2,41,2,2,14,1,1983,1, , , , , , , , , , , , , , , ,9622,8610,3,2, , ,5,9998,12,12,0,12,0,12,0,48, ,48,1, ,2, ,2,2,4,1500,32, , , , , , , , , , , , , ,1,1,1,1,2, ,2, ,2, ,2, ,2, ,2, ,2, ,2, ,1,1,2, ,2, ,9,5, ,2,2,2,2,2,2,10,8,1,139, , , ,83,1500, , , ,1639,1639,1722,1,25.8894031924467
2024,07,00038,10,0024,1,3,2024070003810002414,48,Tumbes,1,3,4,1,2, ,1,55,3,3,17,3,1969,1, , , , , , , , , , , , , , , ,5120,8610,3,2, , ,5,9998,0,12,0,12,0,12,0,36, ,36,1, ,2, ,2,2,4,2300,45, , , , , , , , , , , , , ,1,1,1,1,2, ,2, ,2, ,2, ,2, ,2, ,2, ,2, ,1,1,2, ,2, ,6,5, ,2,2,2,2,2,2,10,5,1,195, , , ,83,2300, , , ,2495,2495,2578,1,28.3138234263436
2024,07,00038,10,0024,1,3,2024070003810002415,48,Tumbes,1,4,5,1,2, ,1,11, , , , , , , , , , , , , , , , , , , , , , , , , , , , , , , , , , , , , , , , , , , , , , , , , , , , , , , , , , , , , , , , , , , , , , , , , , , , , , , , , , , , , , , , , , , , , , , , , , , , , , , , , , , , , , , ,1, 
2024,07,00038,10,0025,1,3,2024070003810002511,48,Tumbes,1,1,1,1,2, ,1,45,1,1,10,5,1979,1, , , , , , , , , , , , , , , ,5141,9602,2, ,2,2,1,1,3,3,3,3,3,3,3,21, ,21,1, ,2, ,2,2, , , , , , , , , , , , , , , , ,1,5,2, ,2, ,2, ,2, ,1,5,2, ,2, ,2, ,2, ,2, ,2, ,2, ,6,5, ,2,2,2,2,2,2,10,7,1, , , , , , ,1334, , ,1334,1334,1334,1,28.3138234263436
2024,07,00038,10,0025,1,3,2024070003810002512,48,Tumbes,1,2,7,1,1, ,1,32, , , , , , , , , , , , , , , , , , , , , , , , , , , , , , , , , , , , , , , , , , , , , , , , , , , , , , , , , , , , , , , , , , , , , , , , , , , , , , , , , , , , , , , , , , , , , , , , , , , , , , , , , , , , , , , ,0, 
2024,07,00038,10,0026,1,3,2024070003810002611,48,Tumbes,1,1,1,1,2, ,2,46,1,1,12,8,1977,1, , , , , , , , , , , , , , , ,5322,9609,2, ,3,2,1,1,0,6,6,6,6,6,0,30, ,30,1, ,2, ,2,2, , , , , , , , , , , , , , , , ,1,5,2, ,2, ,2, ,2, ,1,5,2, ,2, ,2, ,2, ,2, ,2, ,2, ,9,3, ,2,2,2,2,2,2,10,7,1, , , , , , ,780, , ,780,780,780,1,19.8771006841674
2024,07,00038,10,0026,1,3,2024070003810002612,48,Tumbes,1,2,2,1,2, ,1,54,2,2,11,3,1970,1, , , , , , , , , , , , , , , ,9313,4100,3,5,3,2,2,30,6,8,8,8,8,8,8,54, ,54,1, ,2, ,2,2,2,540, , , , , , , , , , , , , , ,1,5,2, ,2, ,2, ,2, ,1,5,2, ,2, ,2, ,2, ,2, ,2, ,2, ,4,5, ,2,2,2,2,2,2,10,7,1, , , , , ,2338, , , ,2338,2338,2338,1,25.2878661990369
2024,07,00038,10,0026,1,3,2024070003810002613,48,Tumbes,1,3,3,1,2, ,1,25,3,3,2,8,1998,2,2,2,2,2,2,2,2,2,2,2,2,2,2,2,2, , , , , , , , , , , , , , , , , , , , , , , , , , , , , , , , , ,2,5,1,2,6, , ,1,5,2, ,2, ,2, ,2, ,1,5,2, ,2, ,2, ,2, ,2, ,2, ,2, ,6,5, ,2,2,2,2,2,2,10,5,4, , , , , , , , , , , , ,1,41.5644458495356
2024,07,00038,10,0026,1,3,2024070003810002614,48,Tumbes,1,4,3,1,2, ,1,17,4,4,16,2,2007,2,2,2,2,2,2,2,2,2,2,2,2,2,2,2,2, , , , , , , , , , , , , , , , , , , , , , , , , , , , , , , , , ,2,4,2,2,5, , ,2,5,2, ,2, ,2, ,2, ,1,5,2, ,2, ,2, ,2, ,2, ,2, ,2, ,6,5, ,2,2,2,2,2,2,10,7,4, , , , , , , , , , , , ,1,35.5515834125085
2024,07,00038,10,0026,1,3,2024070003810002615,48,Tumbes,1,5,5,1,2, ,1,8, , , , , , , , , , , , , , , , , , , , , , , , , , , , , , , , , , , , , , , , , , , , , , , , , , , , , , , , , , , , , , , , , , , , , , , , , , , , , , , , , , , , , , , , , , , , , , , , , , , , , , , , , , , , , , , ,1, 
2024,07,00038,10,0222,1,3,2024070003810022211,48,Tumbes,1,1,1,1,2, ,1,28,1,1,6,12,1995,1, , , , , , , , , , , , , , , ,5211,4630,3,5,1, ,2,25,0,8,8,8,8,8,8,48, ,48,1, ,2, ,2,2,4,1300, , , , , , , , , , , , , , ,1,1,1,1,2, ,2, ,2, ,2, ,2, ,2, ,2, ,1,1,2, ,2, ,2, ,9,3, ,2,2,2,2,2,2,10,7,1, , , , ,166,1300, , , ,1300,1300,1466,1, 
2024,07,00038,10,0222,1,3,2024070003810022212,48,Tumbes,1,2,6,1,2, ,2,53,2,2,24,4,1971,1, , , , , , , , , , , , , , , ,9112,4922,3,5,1, ,1,3,8,12,12,12,12,12,12,80, ,80,1, ,2, ,2,2,4,1025, , , , , , , , , , , , , , ,1,5,2, ,2, ,2, ,2, ,1,5,2, ,2, ,2, ,2, ,2, ,2, ,2, ,11,5, ,2,2,2,2,2,2,10,6,1, , , , , ,1025, , , ,1025,1025,1025,1, 
2024,07,00039,8,0010,1,3,202404000398001011,48,Tumbes,1,1,1,1,2, ,2,73,1,1,14,5,1951,1, , , , , , , , , , , , , , , ,5120,5629,2, ,3,2,1,2,5,0,0,0,0,0,0,5, ,5,1, ,1,1,1,2, , , , , , , , , , , , , , , , ,1,5,2, ,2, ,2, ,2, ,1,5,2, ,2, ,2, ,2, ,2, ,2, ,2, ,3,4, ,2,2,2,2,2,2,10,5,1, ,87, , , , ,420, , ,507,507,507,1,20.8485839715002
2024,07,00039,8,0010,1,3,202407000398001012,48,Tumbes,1,2,3,2, ,2,1,41, , , , , , , , , , , , , , , , , , , , , , , , , , , , , , , , , , , , , , , , , , , , , , , , , , , , , , , , , , , , , , , , , , , , , , , , , , , , , , , , , , , , , , , , , , , , , , , , , , , , , , , , , , , , , , , ,0, 
2024,07,00039,8,0012,1,3,202404000398001211,48,Tumbes,1,1,1,1,2, ,2,68,1,1,13,11,1955,2,2,2,2,2,2,2,2,2,2,2,2,2,2,2,2, , , , , , , , , , , , , , , , , , , , , , , , , , , , , , , , , ,2,6,1,1,7, , ,1,1,1,3,2, ,2, ,2, ,2, ,2, ,2, ,2, ,2, ,2, ,1,3,2, ,9,4, ,2,2,2,2,2,2,10,7,3, , , , , , , , , , , , ,1,22.3030065475221
2024,07,00039,8,0012,1,3,202404000398001212,48,Tumbes,1,2,3,1,2, ,1,50,2,2,3,6,1974,1, , , , , , , , , , , , , , , ,9313,4100,3,5,1, ,5,700,0,8,8,8,8,8,8,48, ,48,1, ,2, ,2,2,4,1400,65, , , , , , , , , , , , , ,1,1,1,1,2, ,2, ,2, ,2, ,2, ,2, ,2, ,1,1,2, ,2, ,2, ,10,1, ,2,2,2,2,2,2,10,6,1,5, , , ,273,1400, , , ,1405,1405,1678,1,28.6479794926916
2024,07,00039,8,0014,1,3,202407000398001411,48,Tumbes,1,1,1,1,2, ,1,64,1,99, , , , , , , , , , , , , , , , , , , , , , , , , , , , , , , , , , , , , , , , , , , , , , , , , , , , , , , , , , , , , , , , , , , , , , , , , , , , , , , , , , , , , , , , , , , , , , , , , , , , , , , , , , , , , ,1, 
2024,07,00039,8,0014,1,3,202407000398001412,48,Tumbes,1,2,2,1,2, ,2,52,2,2,28,11,1971,1, , , , , , , , , , , , , , , ,5212,4772,2, ,2,1,1,2,8,8,8,8,8,8,8,56, ,56,1, ,2, ,2,2, , , , , , , , , , , , , , , , ,1,1,1,5,2, ,2, ,2, ,2, ,2, ,2, ,2, ,2, ,2, ,2, ,2, ,6,5, ,2,2,2,2,2,2,10,6,1, , , , , , ,4500, , ,4500,4500,4500,1,28.0613308386959
2024,07,00039,8,0120,1,3,202404000398012011,48,Tumbes,1,1,1,1,2, ,1,27,1,1,7,3,1997,1, , , , , , , , , , , , , , , ,9313,4100,3,5,3,2,1,4,0,13,13,13,13,13,8,73, ,73,1, ,2, ,2,2,2,360, , , , , , , , , , , , , , ,1,4,2, ,2, ,2, ,1,4,2, ,2, ,2, ,2, ,2, ,2, ,2, ,2, ,10,3, ,2,2,2,2,2,2,10,7,1, , , , , ,1559, , , ,1559,1559,1559,1,38.4989628228256
2024,07,00039,8,0120,1,3,202404000398012012,48,Tumbes,1,2,2,1,2, ,2,32,2,2,25,2,1992,1, , , , , , , , , , , , , , , ,211,8422,3,1, , ,5,9998,0,12,12,12,12,12,0,60, ,60,1, ,2, ,2,2,4,3400,8, , , , , , , , , , , , , ,1,4,2, ,2, ,2, ,1,1,2, ,2, ,2, ,2, ,2, ,2, ,2, ,1,1,9,3, ,2,2,2,2,2,2,10,6,1,240, , , ,83,3400, , , ,3640,3640,3723,1,29.0490820611731
2024,07,00045,4,0034,1,3,202304000454003411,48,Tumbes,1,1,1,1,2, ,2,47,1,1,24,10,1976,2,2,2,2,2,2,2,2,2,2,2,2,2,2,2,2, , , , , , , , , , , , , , , , , , , , , , , , , , , , , , , , , ,1,5,1,1,13,3,4,1,5,2, ,2, ,2, ,2, ,1,5,2, ,2, ,2, ,2, ,1,5,2, ,2, ,11,5, ,2,2,2,2,2,2,10,7,2, , , , , , , , , , , , ,1,30.1080209583609
2024,07,00045,4,0034,1,3,202304000454003412,48,Tumbes,1,2,3,1,2, ,1,17,2,2,23,3,2007,2,2,2,2,2,2,2,2,2,2,2,2,2,2,2,2, , , , , , , , , , , , , , , , , , , , , , , , , , , , , , , , , ,2,4,2,2,5, , ,1,5,2, ,2, ,2, ,2, ,1,5,2, ,2, ,2, ,2, ,2, ,2, ,2, ,6,5, ,2,2,2,2,2,2,10,6,4, , , , , , , , , , , , ,1,53.8502991706087
2024,07,00045,4,0035,1,3,202304000454003511,48,Tumbes,1,1,1,1,2, ,1,57,1,1,17,8,1966,1, , , , , , , , , , , , , , , ,2330,8521,3,2, , ,5,9998,0,6,6,6,6,6,0,30, ,30,1, ,2, ,2,2,4,3000, , , , , , , , , , , , , , ,1,1,1,1,2, ,2, ,2, ,2, ,2, ,2, ,2, ,1,1,2, ,2, ,2, ,9,5, ,2,2,2,2,2,2,10,5,1, , , , ,83,3000, , , ,3000,3000,3083,1,38.6734391680695
2024,07,00045,4,0035,1,3,202304000454003512,48,Tumbes,1,2,3,1,2, ,1,31,2,2,4,3,1993,1, , , , , , , , , , , , , , , ,8321,4922,2, ,3,2,1,1,0,6,6,6,6,6,6,36,28,64,1, ,2, ,2,2, , , , , ,800, , , , , , , , , , ,1,1,1,1,2, ,2, ,2, ,2, ,2, ,2, ,2, ,1,1,2, ,2, ,2, ,11,5, ,2,2,2,2,2,2,10,7,1, , , , ,25, ,1940,800, ,2740,1940,2765,1,51.9718082436546
2024,07,00045,4,0035,1,3,202304000454003513,48,Tumbes,1,3,3,1,2, ,2,26,3,3,29,9,1997,1, , , , , , , , , , , , , , , ,9111,9700,6, , , ,1,2,0,12,12,12,12,12,12,72, ,72,1, ,2, ,2,2,3,700,60, , , , , , , , , , , , , ,1,5,2, ,2, ,2, ,2, ,1,5,2, ,2, ,2, ,1,5,2, ,2, ,2, ,11,5, ,2,2,2,2,2,2,10,7,1,260, , , , ,1400, , , ,1660,1660,1660,1,39.2149089700248
2024,07,00045,4,0035,1,3,202304000454003514,48,Tumbes,1,4,11,1,2, ,1,23,4,4,8,7,2001,2,2,2,2,2,2,2,2,2,2,2,2,2,2,2,2, , , , , , , , , , , , , , , , , , , , , , , , , , , , , , , , , ,2,4,1,1,5, , ,1,5,2, ,2, ,2, ,2, ,1,5,2, ,2, ,2, ,1,5,2, ,2, ,2, ,10,4, ,2,2,2,2,2,2,10,7,4, , , , , , , , , , , , ,1,42.4033951297661
2024,07,00045,4,0036,1,3,202304000454003611,48,Tumbes,1,1,1,1,2, ,1,60,1,1,29,5,1964,2,2,2,2,1,2,2,2,2,2,2,2,2,2,2, ,7128,4330,2, ,3,2,1,1,0,0,0,0,12,0,0,12, ,12,1, ,2, ,2,2, , , , , , , , , , , , , , , , ,1,5,2, ,2, ,2, ,2, ,1,5,2, ,2, ,2, ,2, ,2, ,2, ,2, ,5,2, ,2,2,2,2,2,2,10,7,1, , , , , , ,433, , ,433,433,433,1,42.8871998324535
2024,07,00045,4,0036,1,3,202304000454003612,48,Tumbes,1,2,2,1,2, ,2,59,2,2,30,10,1964,2,2,2,2,2,2,2,2,2,2,2,2,2,2,2,2, , , , , , , , , , , , , , , , , , , , , , , , , , , , , , , , , ,2,5,1,1,1, , ,1,5,2, ,2, ,2, ,2, ,1,5,2, ,2, ,2, ,2, ,2, ,2, ,2, ,6,5, ,2,2,2,2,2,2,10,7,3, , , , , , , , , , , , ,1,37.8814907851435
2024,07,00045,4,0036,2,3,202304000454003613,48,Tumbes,1,1,1,1,2, ,1,32,1,1,3,8,1991,2,2,2,2,2,2,2,2,2,2,2,2,2,2,2,2, , , , , , , , , , , , , , , , , , , , , , , , , , , , , , , , , ,1,3,1,1,13,5,1,1,5,2, ,2, ,2, ,2, ,1,5,2, ,2, ,2, ,2, ,2, ,2, ,2, ,6,5, ,2,2,2,2,2,2,10,7,2, , , , , , , , , , , , ,1,62.9580353113202
2024,07,00045,4,0036,2,3,202304000454003614,48,Tumbes,1,2,2,1,2, ,2,26,2,2,2,6,1998,2,2,2,2,2,2,2,2,2,2,2,2,2,2,2,2, , , , , , , , , , , , , , , , , , , , , , , , , , , , , , , , , ,2,5,1,1,2, , ,1,5,2, ,2, ,2, ,2, ,1,5,2, ,2, ,2, ,2, ,2, ,2, ,2, ,5,2, ,2,2,2,2,2,2,10,5,3, , , , , , , , , , , , ,1,50.3383427823261
2024,07,00045,4,0036,2,3,202304000454003615,48,Tumbes,1,3,3,1,2, ,2,9, , , , , , , , , , , , , , , , , , , , , , , , , , , , , , , , , , , , , , , , , , , , , , , , , , , , , , , , , , , , , , , , , , , , , , , , , , , , , , , , , , , , , , , , , , , , , , , , , , , , , , , , , , , , , , , ,1, 
2024,07,00046,7,0050,1,3,202404000467005011,48,Tumbes,1,1,1,1,2, ,2,74,1,1,24,3,1950,2,2,2,2,2,2,2,2,2,2,2,2,2,2,2,2, , , , , , , , , , , , , , , , , , , , , , , , , , , , , , , , , ,2,6,2,2,3, , ,1,1,1,4,2, ,2, ,2, ,2, ,2, ,2, ,2, ,2, ,1,4,2, ,2, ,6,5, ,2,2,2,2,2,2,10,7,4, , , , , , , , , , , , ,1,24.3815049608439
2024,07,00046,7,0050,1,3,202404000467005012,48,Tumbes,1,2,7,1,1, ,1,69, , , , , , , , , , , , , , , , , , , , , , , , , , , , , , , , , , , , , , , , , , , , , , , , , , , , , , , , , , , , , , , , , , , , , , , , , , , , , , , , , , , , , , , , , , , , , , , , , , , , , , , , , , , , , , , ,0, 
2024,07,00046,7,0050,1,3,202404000467005013,48,Tumbes,1,3,7,1,1, ,1,51, , , , , , , , , , , , , , , , , , , , , , , , , , , , , , , , , , , , , , , , , , , , , , , , , , , , , , , , , , , , , , , , , , , , , , , , , , , , , , , , , , , , , , , , , , , , , , , , , , , , , , , , , , , , , , , ,0, 
2024,07,00046,7,0050,1,3,202404000467005014,48,Tumbes,1,4,98, , , , , , , , , , , , , , , , , , , , , , , , , , , , , , , , , , , , , , , , , , , , , , , , , , , , , , , , , , , , , , , , , , , , , , , , , , , , , , , , , , , , , , , , , , , , , , , , , , , , , , , , , , , , , , , , , , , , ,9, 
2024,07,00046,7,0056,1,3,202404000467005611,48,Tumbes,1,1,1,1,2, ,1,71,1,1,23,2,1953,2,2,2,2,2,2,2,2,2,2,2,2,2,2,2,2, , , , , , , , , , , , , , , , , , , , , , , , , , , , , , , , , ,2,6,2,2,3, , ,1,1,1,3,2, ,2, ,2, ,2, ,2, ,2, ,2, ,2, ,1,3,2, ,2, ,12,2, ,2,2,2,2,2,2,10,7,4, , , , , , , , , , , , ,1,24.8912233754797
2024,07,00046,7,0056,1,3,202404000467005612,48,Tumbes,1,2,2,1,2, ,2,73,2,2,4,1,1951,2,2,2,2,2,2,2,2,2,2,2,2,2,2,2,2, , , , , , , , , , , , , , , , , , , , , , , , , , , , , , , , , ,2,5,1,1,1, , ,2,1,1,4,2, ,2, ,2, ,2, ,2, ,2, ,2, ,2, ,2, ,2, ,2, ,6,5, ,2,2,2,2,2,2,10,7,3, , , , , , , , , , , , ,1,24.3815049608439
2024,07,00052,7,0043,1,3,202407000527004311,48,Tumbes,1,1,1,1,2, ,1,46,1,1,15,11,1977,1, , , , , , , , , , , , , , , ,3314,5610,1, ,2,1,1,5,8,8,8,8,8,8,8,56, ,56,1, ,2, ,2,2, , , , , , , , , , , , , , , , ,1,5,2, ,2, ,2, ,2, ,1,5,2, ,2, ,2, ,2, ,2, ,2, ,2, ,6,5, ,2,2,2,2,2,2,10,7,1, ,600, , , , ,3180, , ,3780,3780,3780,1,46.9374039459868
2024,07,00052,7,0043,1,3,202407000527004312,48,Tumbes,1,2,2,1,2, ,2,47,2,2,14,12,1976,1, , , , , , , , , , , , , , , ,5131,5610,3,5,2,1,1,5,7,8,8,8,8,8,8,55, ,55,1, ,2, ,2,2,1,45,140, , , , , , , , , , , , , ,1,5,2, ,2, ,2, ,2, ,1,5,2, ,2, ,2, ,2, ,2, ,2, ,2, ,4, ,6,2,2,2,2,2,2,10,5,1,606, , , , ,1350, , , ,1956,1956,1956,1,30.8025545333203
2024,07,00052,7,0043,1,3,202407000527004314,48,Tumbes,1,3,3,1,2, ,1,21,3,3,27,6,2003,2,2,2,2,2,2,2,2,2,2,2,2,2,2,2,2, , , , , , , , , , , , , , , , , , , , , , , , , , , , , , , , , ,2,4,1,2,5, , ,1,5,2, ,2, ,2, ,2, ,1,5,2, ,2, ,2, ,2, ,2, ,2, ,2, ,10,3, ,2,2,2,2,2,2,10,7,4, , , , , , , , , , , , ,1,46.407909438308
2024,07,00052,7,0043,1,3,202407000527004313,48,Tumbes,1,4,3,1,2, ,1,18,4,4,21,3,2006,2,2,2,1,2,2,2,2,2,2,2,2,2,2,2, ,5131,5610,3,5,2,1,1,5,9,10,10,10,10,10,10,69, ,69,1, ,2, ,2,2,1,35,84, , , , , , , , , , , , , ,1,5,2, ,2, ,2, ,2, ,1,5,2, ,2, ,2, ,2, ,2, ,2, ,2, ,10,1, ,2,2,2,2,2,2,10,5,1,364, , , , ,1050, , , ,1414,1414,1414,1,46.407909438308
2024,07,00052,7,0043,1,3,202407000527004315,48,Tumbes,1,5,3,1,2, ,2,12, , , , , , , , , , , , , , , , , , , , , , , , , , , , , , , , , , , , , , , , , , , , , , , , , , , , , , , , , , , , , , , , , , , , , , , , , , , , , , , , , , , , , , , , , , , , , , , , , , , , , , , , , , , , , , , ,1, 
2024,07,00052,7,0052,1,3,202407000527005211,48,Tumbes,1,1,1,1,2, ,1,80,1,1,11,7,1944,2,2,2,2,2,2,2,2,2,2,2,2,2,2,2,2, , , , , , , , , , , , , , , , , , , , , , , , , , , , , , , , , ,2,6,2,2,3, , ,1,1,1,3,2, ,2, ,2, ,2, ,2, ,2, ,2, ,2, ,2, ,1,3,2, ,9,4, ,2,2,2,2,2,2,10,7,4, , , , , , , , , , , , ,1,42.3257019181422
2024,07,00052,7,0052,1,3,202407000527005212,48,Tumbes,1,2,2,1,2, ,2,74,2,2,6,8,1949,2,2,2,2,2,2,2,2,2,2,2,2,2,2,2,2, , , , , , , , , , , , , , , , , , , , , , , , , , , , , , , , , ,2,6,2,2,3, , ,1,1,1,4,2, ,2, ,2, ,2, ,2, ,2, ,2, ,2, ,2, ,2, ,2, ,9,3, ,2,2,2,2,2,2,10,7,4, , , , , , , , , , , , ,1,32.951378202767
2024,07,00052,7,0052,1,3,202407000527005213,48,Tumbes,1,3,5,1,2, ,1,24,3,3,27,6,2000,1, , , , , , , , , , , , , , , ,3119,8413,3,2, , ,5,9998,0,8,8,8,8,8,0,40, ,40,1, ,2, ,2,2,4,1500, , , , , , , , , , , , , , ,1,5,2, ,2, ,2, ,2, ,1,5,2, ,2, ,2, ,1,5,2, ,2, ,2, ,11,5, ,2,2,2,2,2,2,10,7,1, , , , , ,1500, , , ,1500,1500,1500,1,46.407909438308
2024,07,00052,7,0058,1,3,202407000527005811,48,Tumbes,1,1,1,1,2, ,2,25,1,1,12,7,1999,2,2,2,2,2,2,2,2,2,2,2,2,2,2,2,2, , , , , , , , , , , , , , , , , , , , , , , , , , , , , , , , , ,2,4,1,1,5, , ,1,5,2, ,2, ,2, ,2, ,1,5,2, ,2, ,2, ,1,5,2, ,2, ,2, ,11,5, ,2,2,2,2,2,2,10,7,4, , , , , , , , , , , , ,1,42.9183073323035
2024,07,00052,7,0111,1,3,202407000527011111,48,Tumbes,1,1,1,1,2, ,1,71,1,1,5,1,1953,2,2,2,2,2,2,2,2,2,2,2,2,2,2,2,2, , , , , , , , , , , , , , , , , , , , , , , , , , , , , , , , , ,1,6,1,1,13,2,2,1,4,2, ,2, ,2, ,1,3,2, ,2, ,2, ,2, ,2, ,2, ,2, ,1,3,11,5, ,2,2,2,2,2,2,1,7,2, , , , , , , , , , , , ,1,42.3257019181422
2024,07,00052,7,0111,1,3,202407000527011112,48,Tumbes,1,2,2,1,2, ,2,66,2,99, , , , , , , , , , , , , , , , , , , , , , , , , , , , , , , , , , , , , , , , , , , , , , , , , , , , , , , , , , , , , , , , , , , , , , , , , , , , , , , , , , , , , , , , , , , , , , , , , , , , , , , , , , , , , ,1, 
2024,07,00052,7,0111,1,3,202407000527011113,48,Tumbes,1,3,3,1,2, ,1,36,3,99, , , , , , , , , , , , , , , , , , , , , , , , , , , , , , , , , , , , , , , , , , , , , , , , , , , , , , , , , , , , , , , , , , , , , , , , , , , , , , , , , , , , , , , , , , , , , , , , , , , , , , , , , , , , , ,1, 
2024,07,00052,7,0111,1,3,202407000527011114,48,Tumbes,1,4,4,1,2, ,2,28,4,99, , , , , , , , , , , , , , , , , , , , , , , , , , , , , , , , , , , , , , , , , , , , , , , , , , , , , , , , , , , , , , , , , , , , , , , , , , , , , , , , , , , , , , , , , , , , , , , , , , , , , , , , , , , , , ,1, 
2024,07,00052,7,0111,1,3,202407000527011115,48,Tumbes,1,5,5,1,2, ,1,4, , , , , , , , , , , , , , , , , , , , , , , , , , , , , , , , , , , , , , , , , , , , , , , , , , , , , , , , , , , , , , , , , , , , , , , , , , , , , , , , , , , , , , , , , , , , , , , , , , , , , , , , , , , , , , , ,1, 
2024,07,00057,5,0025,1,3,202304000575002511,48,Tumbes,1,1,1,1,2, ,2,57,1,1,25,2,1967,1, , , , , , , , , , , , , , , ,5212,4722,2, ,3,2,1,1,1,2,2,3,2,2,2,14, ,14,1, ,2, ,2,2, , , , , , , , , , , , , , , , ,1,1,1,4,2, ,2, ,2, ,2, ,2, ,2, ,2, ,2, ,2, ,2, ,2, ,6,5, ,2,2,2,2,2,2,10,7,1, , , , , , ,839, , ,839,839,839,1,30.8754935435741
2024,07,00057,5,0025,1,3,202304000575002512,48,Tumbes,1,2,3,1,2, ,2,29,2,1,8,3,1995,2,2,2,2,2,2,2,2,2,2,2,2,2,2,2,2, , , , , , , , , , , , , , , , , , , , , , , , , , , , , , , , , ,2,7,2,2,7, , ,2,1,1,4,2, ,2, ,2, ,2, ,2, ,2, ,2, ,2, ,2, ,2, ,2, ,7,5, ,1,2,1,1,1,1,10,7,4, , , , , , , , , , , , ,1,44.2178624354174
2024,07,00057,5,0025,1,3,202304000575002513,48,Tumbes,1,3,3,1,2, ,2,37,3,3,16,10,1986,1, , , , , , , , , , , , , , , ,5212,4721,2, ,2,1,1,1,5,10,10,10,10,10,10,65, ,65,1, ,2, ,2,2, , , , , , , , , , , , , , , , ,1,5,2, ,2, ,2, ,2, ,1,5,2, ,2, ,2, ,2, ,2, ,2, ,2, ,11,5, ,2,2,2,2,2,2,10,7,1, ,65, , , , ,1056, , ,1121,1121,1121,1,31.9623025287773
2024,07,00057,5,0025,1,3,202304000575002514,48,Tumbes,1,4,5,1,2, ,2,7, , , , , , , , , , , , , , , , , , , , , , , , , , , , , , , , , , , , , , , , , , , , , , , , , , , , , , , , , , , , , , , , , , , , , , , , , , , , , , , , , , , , , , , , , , , , , , , , , , , , , , , , , , , , , , , ,1, 
2024,07,00057,5,0027,1,3,202304000575002711,48,Tumbes,1,1,1,1,2, ,1,64,1,1,25,10,1959,1, , , , , , , , , , , , , , , ,4110,8411,3,2, , ,5,9998,0,8,8,8,8,8,0,40, ,40,1, ,2, ,2,2,4,3500, , , , , , , , , , , , , , ,1,1,1,1,2, ,2, ,2, ,2, ,2, ,2, ,2, ,1,1,2, ,2, ,2, ,11,5, ,2,2,2,2,2,2,10,7,1, , , , ,50,3500, , , ,3500,3500,3550,1,31.5209749297888
2024,07,00057,5,0027,1,3,202307000575002712,48,Tumbes,1,2,7,1,2, ,2,66,2,2,10,9,1957,2,2,2,2,2,2,2,2,2,2,2,2,2,2,2,2, , , , , , , , , , , , , , , , , , , , , , , , , , , , , , , , , ,2,6,2,2,3, , ,1,1,1,3,2, ,2, ,2, ,2, ,2, ,2, ,2, ,2, ,1,3,2, ,2, ,11,5, ,2,2,2,2,2,2,10,7,4, , , , , , , , , , , , ,1,24.5396891052197
2024,07,00057,5,0027,1,3,202307000575002713,48,Tumbes,1,3,11,1,1, ,1,29, , , , , , , , , , , , , , , , , , , , , , , , , , , , , , , , , , , , , , , , , , , , , , , , , , , , , , , , , , , , , , , , , , , , , , , , , , , , , , , , , , , , , , , , , , , , , , , , , , , , , , , , , , , , , , , ,0, 
2024,07,00057,5,0029,1,3,202304000575002911,48,Tumbes,1,1,1,1,2, ,1,32,1,1,22,2,1992,1, , , , , , , , , , , , , , , ,5120,5610,1, ,2,1,1,2,8,9,0,9,9,9,0,44, ,44,1, ,2, ,2,2, , , , , , , , , , , , , , , , ,1,5,2, ,2, ,2, ,2, ,1,5,2, ,2, ,2, ,1,5,2, ,2, ,2, ,10,4, ,2,2,2,2,2,2,10,6,1, ,900, , , , ,5369, , ,6269,6269,6269,1,42.3598754065969
2024,07,00059,6,0049,1,3,202407000596004911,48,Tumbes,1,1,1,1,2, ,2,55,1,1,10,10,1968,1, , , , , , , , , , , , , , , ,5212,4722,2, ,2,2,1,2,10,12,12,12,12,12,12,82, ,82,1, ,2, ,2,2, , , , , , , , , , , , , , , , ,1,5,2, ,2, ,2, ,2, ,1,5,2, ,2, ,2, ,1,5,2, ,2, ,2, ,6,5, ,2,2,2,2,2,2,10,6,1, ,35, , , , ,846, , ,881,881,881,1,45.1840431864892
2024,07,00059,6,0049,1,3,202407000596004912,48,Tumbes,1,2,3,1,2, ,1,19,2,2,16,6,2005,2,2,2,2,2,2,2,2,2,2,2,2,1,2,2, ,5212,4722,4, ,2,2,1,2,6,0,0,5,0,0,5,16, ,16,1, ,2, ,2, , , , , , , , , , ,2,4,1,1,5, , ,2,5,2, ,2, ,2, ,2, ,1,5,2, ,2, ,2, ,2, ,2, ,2, ,2, ,10,2, ,2,2,2,2,2,2,10,8,1, , , , , , , , , ,0,0,0,1,50.5776514357382
2024,07,00059,6,0050,1,3,202407000596005011,48,Tumbes,1,1,1,1,2, ,2,71,1,1,29,9,1952,2,2,2,2,2,2,2,2,2,2,2,2,2,2,2,2, , , , , , , , , , , , , , , , , , , , , , , , , , , , , , , , , ,2,7,1,1,7, , ,1,5,2, ,2, ,2, ,2, ,1,5,2, ,2, ,2, ,2, ,2, ,2, ,2, ,3,1, ,1,2,2,2,2,2,10,5,3, , , , , , , , , , , , ,1,33.5701583064758
2024,07,00059,6,0050,1,3,202407000596005012,48,Tumbes,1,2,3,1,2, ,2,54,2,2,13,4,1970,2,2,2,2,2,2,2,2,2,2,2,2,2,2,2,2, , , , , , , , , , , , , , , , , , , , , , , , , , , , , , , , , ,2,5,2,2,3, , ,1,5,2, ,2, ,2, ,2, ,1,5,2, ,2, ,2, ,2, ,2, ,2, ,2, ,5,2, ,2,2,2,2,2,2,10,5,4, , , , , , , , , , , , ,1,45.1840431864892
2024,07,00059,6,0050,1,3,202407000596005013,48,Tumbes,1,3,4,1,2, ,1,54,3,3,19,6,1970,2,2,2,2,2,2,2,2,2,2,2,2,2,2,2,2, , , , , , , , , , , , , , , , , , , , , , , , , , , , , , , , , ,1,3,1,1,12, ,1,1,5,2, ,2, ,2, ,2, ,1,5,2, ,2, ,2, ,2, ,2, ,2, ,2, ,5,1, ,2,2,2,2,2,2,10,7,2, , , , , , , , , , , , ,1,51.1547209260611
2024,07,00059,6,0050,1,3,202407000596005014,48,Tumbes,1,4,5,1,2, ,2,27,4,4,4,11,1996,1, , , , , , , , , , , , , , , ,9411,5610,2, ,3,2,1,2,0,5,5,5,5,5,5,30, ,30,1, ,2, ,2,2, , , , , , , , , , , , , , , , ,1,5,2, ,2, ,2, ,2, ,1,5,2, ,2, ,2, ,2, ,2, ,2, ,2, ,9,3, ,2,2,2,2,2,2,10,7,1, ,120, , , , ,585, , ,705,705,705,1,46.7745092321115
2024,07,00059,6,0050,1,3,202407000596005015,48,Tumbes,1,5,5,1,2, ,1,17,5,5,8,2,2007,2,2,2,2,2,2,2,2,2,2,2,2,2,2,2,2, , , , , , , , , , , , , , , , , , , , , , , , , , , , , , , , , ,2,4,2,2,5, , ,1,5,2, ,2, ,2, ,2, ,1,5,2, ,2, ,2, ,2, ,2, ,2, ,2, ,6,5, ,2,2,2,2,2,2,10,5,4, , , , , , , , , , , , ,1,64.2312166944707
2024,07,00059,6,0050,2,3,202407000596005021,48,Tumbes,1,1,1,1,2, ,2,52,1,1,18,10,1971,1, , , , , , , , , , , , , , , ,9411,5610,2, ,3,2,1,1,0,8,8,8,8,8,0,40, ,40,1, ,2, ,2,1, , , , , , , , , , , , , , , , ,1,5,2, ,2, ,2, ,2, ,1,5,2, ,2, ,2, ,2, ,2, ,2, ,2, ,5,2, ,2,2,2,2,2,2,10,7,1, ,240, , , , ,879, , ,1119,1119,1119,1,45.1840431864892
2024,07,00059,6,0050,2,3,202407000596005022,48,Tumbes,1,2,2,1,2, ,1,55,2,2,13,8,1968,1, , , , , , , , , , , , , , , ,9521,4781,2, ,3,2,1,1,3,6,0,6,0,6,6,27, ,27,1, ,2, ,2,2, , , , , , , , , , , , , , , , ,1,5,2, ,2, ,2, ,2, ,1,5,2, ,2, ,2, ,2, ,2, ,2, ,2, ,3,4, ,2,2,2,2,2,2,10,7,1, ,108, , , , ,1299, , ,1407,1407,1407,1,45.6877094537408
2024,07,00059,6,0050,2,3,202407000596005023,48,Tumbes,1,3,3,1,2, ,1,34,3,3,27,10,1989,1, , , , , , , , , , , , , , , ,7113,4100,1, ,2,2,1,3,0,9,9,9,9,9,6,51, ,51,1, ,2, ,2,2, , , , , , , , , , , , , , , , ,1,5,2, ,2, ,2, ,2, ,1,5,2, ,2, ,2, ,2, ,1,5,2, ,2, ,8,2, ,2,2,2,2,2,2,10,5,1, , , , , , ,3030, , ,3030,3030,3030,1,61.9906022569256
2024,07,00059,6,0050,2,3,202407000596005024,48,Tumbes,1,4,3,1,2, ,2,28,4,4,24,9,1995,1, , , , , , , , , , , , , , , ,9411,5610,2, ,3,2,1,1,0,7,7,7,7,0,0,28, ,28,1, ,2, ,2,1, , , , , , , , , , , , , , , , ,1,5,2, ,2, ,2, ,2, ,1,5,2, ,2, ,2, ,2, ,2, ,2, ,2, ,9,3, ,2,2,2,2,2,2,10,5,1, ,87, , , , ,288, , ,375,375,375,1,46.7745092321115
2024,07,00059,6,0050,2,3,202407000596005025,48,Tumbes,1,5,5,1,2, ,1,7, , , , , , , , , , , , , , , , , , , , , , , , , , , , , , , , , , , , , , , , , , , , , , , , , , , , , , , , , , , , , , , , , , , , , , , , , , , , , , , , , , , , , , , , , , , , , , , , , , , , , , , , , , , , , , , ,1, 
2024,07,00059,6,0050,2,3,202407000596005026,48,Tumbes,1,6,5,1,2, ,2,4, , , , , , , , , , , , , , , , , , , , , , , , , , , , , , , , , , , , , , , , , , , , , , , , , , , , , , , , , , , , , , , , , , , , , , , , , , , , , , , , , , , , , , , , , , , , , , , , , , , , , , , , , , , , , , , ,1, 
2024,07,00059,6,0051,1,3,202407000596005111,48,Tumbes,1,1,1,1,2, ,2,67,1,1,23,10,1956,2,2,2,2,2,2,2,2,2,2,2,2,2,2,1, ,5211,3212,9, ,3,2,1,2,0,2,0,0,0,0,0,2, , ,2,10,2, , , , , , , , , , , , ,2,6,2,2,3, , ,1,1,1,4,2, ,2, ,2, ,2, ,2, ,2, ,2, ,1,4,2, ,2, ,2, ,10,2, ,2,2,2,2,2,2,10,7,4, , , , , , , , , , , , ,1,35.9120533813793
2024,07,00059,6,0051,1,3,202407000596005112,48,Tumbes,1,2,3,1,2, ,2,38,2,2,10,1,1986,1, , , , , , , , , , , , , , , ,3119,8411,3,2, , ,5,9998,0,8,8,8,8,8,0,40, ,40,1, ,2, ,2,2,4,2500, , , , , , , , , , , , , , ,1,5,2, ,2, ,2, ,2, ,1,5,2, ,2, ,2, ,2, ,2, ,2, ,2, ,11,5, ,2,2,2,2,2,2,10,7,1, , , , , ,2500, , , ,2500,2500,2500,1,46.7745092321115
2024,07,00059,6,0051,1,3,202407000596005113,48,Tumbes,1,3,4,1,2, ,1,43,3,3,26,7,1980,1, , , , , , , , , , , , , , , ,3119,8411,3,2, , ,5,9998,0,8,8,8,8,8,0,40, ,40,1, ,2, ,2,2,4,3500, , , , , , , , , , , , , , ,1,5,2, ,2, ,2, ,2, ,1,5,2, ,2, ,2, ,2, ,1,5,2, ,2, ,12,2, ,2,2,2,2,2,2,10,7,1, , , , , ,3500, , , ,3500,3500,3500,1,61.9906022569256
2024,07,00059,6,0051,1,3,202407000596005114,48,Tumbes,1,4,5,1,2, ,2,17,4,4,15,1,2007,1, , , , , , , , , , , , , , , ,9533,4789,2, ,3,2,1,1,1,2,2,2,2,3,3,15, ,15,1, ,2, ,2,2, , , , , , , , , , , , , , , , ,2,5,2, ,2, ,2, ,2, ,1,5,2, ,2, ,2, ,2, ,2, ,2, ,2, ,6,5, ,2,2,2,2,2,2,10,7,1, , , , , , ,370, , ,370,370,370,1,50.7800786457286
2024,07,00059,6,0051,1,3,202407000596005115,48,Tumbes,1,5,5,1,2, ,1,6, , , , , , , , , , , , , , , , , , , , , , , , , , , , , , , , , , , , , , , , , , , , , , , , , , , , , , , , , , , , , , , , , , , , , , , , , , , , , , , , , , , , , , , , , , , , , , , , , , , , , , , , , , , , , , , ,1, 
2024,07,00059,6,0052,1,3,202407000596005211,48,Tumbes,1,1,1,1,2, ,2,39,1,1,20,5,1985,2,2,2,2,2,2,2,2,2,2,2,2,2,2,2,2, , , , , , , , , , , , , , , , , , , , , , , , , , , , , , , , , ,1,3,1,1,13,2,6,1,5,2, ,2, ,2, ,2, ,1,5,2, ,2, ,2, ,2, ,2, ,2, ,2, ,8,1, ,2,2,2,2,2,2,10,8,2, , , , , , , , , , , , ,1,46.7745092321115
2024,07,00059,6,0052,1,3,202407000596005212,48,Tumbes,1,2,3,1,2, ,1,11, , , , , , , , , , , , , , , , , , , , , , , , , , , , , , , , , , , , , , , , , , , , , , , , , , , , , , , , , , , , , , , , , , , , , , , , , , , , , , , , , , , , , , , , , , , , , , , , , , , , , , , , , , , , , , , ,1, 
2024,07,00063,10,0093,1,3,2024070006310009311,48,Tumbes,1,1,1,1,2, ,1,58,1,1,18,10,1965,1, , , , , , , , , , , , , , , ,9213,321,3,5,1, ,4,500,0,8,8,8,8,8,0,40, ,48,2,48,2, ,2,2,3,726,108, , , , , , , , , , , , , ,1,1,1,1,2, ,2, ,2, ,2, ,2, ,2, ,2, ,1,1,2, ,2, ,2, ,4,5, ,2,2,2,2,2,2,10,8,1,468, , , ,324,1452, , , ,1920,1920,2244,1,26.1526024699868
2024,07,00063,10,0093,1,3,2024070006310009312,48,Tumbes,1,2,2,1,2, ,2,53,2,2,25,1,1971,2,2,2,2,2,2,2,2,2,2,2,2,2,2,2,2, , , , , , , , , , , , , , , , , , , , , , , , , , , , , , , , , ,2,5,1,1,6, , ,1,4,2, ,2, ,2, ,1,4,2, ,2, ,2, ,2, ,2, ,2, ,2, ,2, ,6,5, ,2,2,2,2,2,2,10,8,4, , , , , , , , , , , , ,1,25.8642933421608
2024,07,00063,10,0093,1,3,2024070006310009313,48,Tumbes,1,3,3,1,2, ,2,16,3,3,5,12,2007,2,2,2,2,2,2,2,2,2,2,2,2,2,2,2,2, , , , , , , , , , , , , , , , , , , , , , , , , , , , , , , , , ,2,4,2,2,5, , ,1,5,2, ,2, ,2, ,2, ,1,5,2, ,2, ,2, ,2, ,2, ,2, ,2, ,5,4, ,2,2,2,2,2,2,10,5,4, , , , , , , , , , , , ,1,29.067581327557
2024,07,00063,10,0094,1,3,2024070006310009411,48,Tumbes,1,1,1,1,2, ,1,53,1,1,15,10,1970,1, , , , , , , , , , , , , , , ,9313,4100,3,5,3,2,1,2,0,0,0,8,8,8,0,24, ,48,2,48,2, ,2,1,2,180,36, , , , , , , , , , , , , ,1,5,2, ,2, ,2, ,2, ,1,5,2, ,2, ,2, ,2, ,2, ,2, ,2, ,5,1, ,2,2,2,2,2,2,10,5,1,156, , , , ,779, , , ,935,935,935,1,29.2820344210286
2024,07,00063,10,0094,1,3,2024070006310009412,48,Tumbes,1,2,2,1,2, ,2,45,2,1,23,3,1979,2,2,2,2,2,2,2,2,2,2,2,2,2,2,2,2, , , , , , , , , , , , , , , , , , , , , , , , , , , , , , , , , ,2,7,2,2,7, , ,1,5,2, ,2, ,2, ,2, ,1,5,2, ,2, ,2, ,2, ,2, ,2, ,2, ,5,3, ,2,2,2,2,2,2,10,5,4, , , , , , , , , , , , ,1,25.8642933421608
2024,07,00063,10,0094,1,3,2024070006310009413,48,Tumbes,1,3,3,1,2, ,2,18,3,3,18,10,2005,2,2,2,2,2,2,2,2,2,2,2,2,2,2,2,2, , , , , , , , , , , , , , , , , , , , , , , , , , , , , , , , , ,2,5,1,1,3, , ,1,5,2, ,2, ,2, ,2, ,1,5,2, ,2, ,2, ,2, ,2, ,2, ,2, ,6,5, ,2,2,2,2,2,2,10,7,4, , , , , , , , , , , , ,1,29.067581327557
2024,07,00063,10,0094,1,3,2024070006310009414,48,Tumbes,1,4,3,1,2, ,2,22,4,4,11,9,2001,2,2,2,2,2,2,2,2,2,2,2,2,2,2,2,2, , , , , , , , , , , , , , , , , , , , , , , , , , , , , , , , , ,1,5,1,1,13,1,4,1,5,2, ,2, ,2, ,2, ,1,5,2, ,2, ,2, ,2, ,2, ,2, ,2, ,10,2, ,2,2,2,2,2,2,10,5,2, , , , , , , , , , , , ,1,37.521152904373
2024,07,00063,10,0094,1,3,2024070006310009415,48,Tumbes,1,5,5,1,2, ,1,1, , , , , , , , , , , , , , , , , , , , , , , , , , , , , , , , , , , , , , , , , , , , , , , , , , , , , , , , , , , , , , , , , , , , , , , , , , , , , , , , , , , , , , , , , , , , , , , , , , , , , , , , , , , , , , , ,1, 
2024,07,00063,10,0096,1,3,2024070006310009611,48,Tumbes,1,1,1,1,2, ,2,60,1,1,28,3,1964,1, , , , , , , , , , , , , , , ,5213,4781,2, ,3,2,1,1,4,9,9,9,9,9,9,58, ,58,1, ,2, ,2,2, , , , , , , , , , , , , , , , ,1,4,2, ,2, ,2, ,1,4,2, ,2, ,2, ,2, ,2, ,2, ,2, ,2, ,4,5, ,2,2,2,2,2,2,10,6,1, ,30, , , , ,232, , ,262,262,262,1,19.2162622188953
2024,07,00063,10,0096,1,3,2024070006310009612,48,Tumbes,1,2,2,1,1, ,1,70, , , , , , , , , , , , , , , , , , , , , , , , , , , , , , , , , , , , , , , , , , , , , , , , , , , , , , , , , , , , , , , , , , , , , , , , , , , , , , , , , , , , , , , , , , , , , , , , , , , , , , , , , , , , , , , ,0, 
2024,07,00063,10,0098,1,3,2024070006310009811,48,Tumbes,1,1,1,1,2, ,2,59,1,1,7,10,1964,1, , , , , , , , , , , , , , , ,4417,8521,3,2, , ,5,9998,0,8,8,8,8,8,0,40, ,40,1, ,2, ,2,2,4,1600, , , , , , , , , , , , , , ,1,1,1,1,2, ,2, ,2, ,2, ,2, ,2, ,2, ,1,1,2, ,2, ,2, ,6,5, ,2,2,2,2,2,2,10,7,1, , , , ,83,1600, , , ,1600,1600,1683,1,25.8642933421608
2024,07,00063,10,0098,1,3,2024070006310009812,48,Tumbes,1,2,3,1,2, ,2,26,2,2,20,10,1997,2,2,2,2,2,2,2,2,2,2,2,2,2,2,2,2, , , , , , , , , , , , , , , , , , , , , , , , , , , , , , , , , ,1,5,1,1,13,2,4,1,5,2, ,2, ,2, ,2, ,1,5,2, ,2, ,2, ,1,5,2, ,2, ,2, ,10,5, ,2,2,2,2,2,2,10,7,2, , , , , , , , , , , , ,1,26.7747094415997
2024,07,00063,10,0098,1,3,2024070006310009813,48,Tumbes,1,3,5,1,2, ,2,7, , , , , , , , , , , , , , , , , , , , , , , , , , , , , , , , , , , , , , , , , , , , , , , , , , , , , , , , , , , , , , , , , , , , , , , , , , , , , , , , , , , , , , , , , , , , , , , , , , , , , , , , , , , , , , , ,1, 
